names,labels,preds
peak29573_Reversed::A:0:A,0.079,-0.14320815
peak29573_Reversed::A:0:G,0.079,-0.18486315
peak29573_Reversed::A:0:T,0.079,-0.11187859
peak29573_Reversed::A:0:C,0.079,-0.1094017
peak29573_Reversed::G:1:A,0.079,-0.11001623
peak29573_Reversed::G:1:G,0.079,-0.11646192
peak29573_Reversed::G:1:T,0.079,-0.09443328
peak29573_Reversed::G:1:C,0.079,-0.10446295
peak29573_Reversed::G:2:A,0.079,-0.11504787
peak29573_Reversed::G:2:G,0.079,-0.12212829
peak29573_Reversed::G:2:T,0.079,-0.15245314
peak29573_Reversed::G:2:C,0.079,-0.12674896
peak29573_Reversed::A:3:A,0.079,-0.09998868
peak29573_Reversed::A:3:G,0.079,-0.12444933
peak29573_Reversed::A:3:T,0.079,-0.10781801
peak29573_Reversed::A:3:C,0.079,-0.12872015
peak29573_Reversed::C:4:A,0.079,-0.08945429
peak29573_Reversed::C:4:G,0.079,-0.06011065
peak29573_Reversed::C:4:T,0.079,-0.1110155
peak29573_Reversed::C:4:C,0.079,-0.09718514
peak29573_Reversed::C:5:A,0.079,-0.11014864
peak29573_Reversed::C:5:G,0.079,-0.1206688
peak29573_Reversed::C:5:T,0.079,-0.11943737
peak29573_Reversed::C:5:C,0.079,-0.092422344
peak29573_Reversed::G:6:A,0.079,-0.10151255
peak29573_Reversed::G:6:G,0.079,-0.12858988
peak29573_Reversed::G:6:T,0.079,-0.1169934
peak29573_Reversed::G:6:C,0.079,-0.11195892
peak29573_Reversed::G:7:A,0.079,-0.103873484
peak29573_Reversed::G:7:G,0.079,-0.10933176
peak29573_Reversed::G:7:T,0.079,-0.074405216
peak29573_Reversed::G:7:C,0.079,-0.13409874
peak29573_Reversed::A:8:A,0.079,-0.14320815
peak29573_Reversed::A:8:G,0.079,-0.1711525
peak29573_Reversed::A:8:T,0.079,-0.12031354
peak29573_Reversed::A:8:C,0.079,-0.11365691
peak29573_Reversed::T:9:A,0.079,-0.061716422
peak29573_Reversed::T:9:G,0.079,-0.11229676
peak29573_Reversed::T:9:T,0.079,-0.09796435
peak29573_Reversed::T:9:C,0.079,-0.12065682
peak29573_Reversed::C:10:A,0.079,-0.124201745
peak29573_Reversed::C:10:G,0.079,-0.12422581
peak29573_Reversed::C:10:T,0.079,-0.12266503
peak29573_Reversed::C:10:C,0.079,-0.120661065
peak29573_Reversed::A:11:A,0.079,-0.09998868
peak29573_Reversed::A:11:G,0.079,-0.111908466
peak29573_Reversed::A:11:T,0.079,-0.100874156
peak29573_Reversed::A:11:C,0.079,-0.12772435
peak29573_Reversed::A:12:A,0.079,-0.09737976
peak29573_Reversed::A:12:G,0.079,-0.069476835
peak29573_Reversed::A:12:T,0.079,-0.12032807
peak29573_Reversed::A:12:C,0.079,-0.09192978
peak29573_Reversed::C:13:A,0.079,-0.13848454
peak29573_Reversed::C:13:G,0.079,-0.11773501
peak29573_Reversed::C:13:T,0.079,-0.14640805
peak29573_Reversed::C:13:C,0.079,-0.092422344
peak29573_Reversed::T:14:A,0.079,-0.111992255
peak29573_Reversed::T:14:G,0.079,-0.12412529
peak29573_Reversed::T:14:T,0.079,-0.11525941
peak29573_Reversed::T:14:C,0.079,-0.119521365
peak29573_Reversed::T:15:A,0.079,-0.09996863
peak29573_Reversed::T:15:G,0.079,-0.13097513
peak29573_Reversed::T:15:T,0.079,-0.09503308
peak29573_Reversed::T:15:C,0.079,-0.14547853
peak29573_Reversed::C:16:A,0.079,-0.11970268
peak29573_Reversed::C:16:G,0.079,-0.12892959
peak29573_Reversed::C:16:T,0.079,-0.09212406
peak29573_Reversed::C:16:C,0.079,-0.11179282
peak29573_Reversed::C:17:A,0.079,-0.080775395
peak29573_Reversed::C:17:G,0.079,-0.12311332
peak29573_Reversed::C:17:T,0.079,-0.086683616
peak29573_Reversed::C:17:C,0.079,-0.111719444
peak29573_Reversed::A:18:A,0.079,-0.12077466
peak29573_Reversed::A:18:G,0.079,0.11235082
peak29573_Reversed::A:18:T,0.079,-0.04653868
peak29573_Reversed::A:18:C,0.079,-0.09239495
peak29573_Reversed::G:19:A,0.079,-0.10667883
peak29573_Reversed::G:19:G,0.079,-0.108293116
peak29573_Reversed::G:19:T,0.079,-0.114923
peak29573_Reversed::G:19:C,0.079,-0.09259941
peak29573_Reversed::G:20:A,0.079,-0.0963362
peak29573_Reversed::G:20:G,0.079,-0.06149877
peak29573_Reversed::G:20:T,0.079,-0.105872214
peak29573_Reversed::G:20:C,0.079,-0.08935207
peak29573_Reversed::C:21:A,0.079,-0.13870887
peak29573_Reversed::C:21:G,0.079,-0.11458829
peak29573_Reversed::C:21:T,0.079,-0.1213323
peak29573_Reversed::C:21:C,0.079,-0.092422344
peak29573_Reversed::T:22:A,0.079,-0.11600089
peak29573_Reversed::T:22:G,0.079,-0.10265369
peak29573_Reversed::T:22:T,0.079,-0.11525941
peak29573_Reversed::T:22:C,0.079,-0.097949065
peak29573_Reversed::T:23:A,0.079,-0.12005438
peak29573_Reversed::T:23:G,0.079,-0.101458214
peak29573_Reversed::T:23:T,0.079,-0.09503308
peak29573_Reversed::T:23:C,0.079,-0.12878634
peak29573_Reversed::T:24:A,0.079,-0.15289189
peak29573_Reversed::T:24:G,0.079,-0.15770851
peak29573_Reversed::T:24:T,0.079,-0.10825066
peak29573_Reversed::T:24:C,0.079,-0.112023875
peak29573_Reversed::G:25:A,0.079,-0.12386526
peak29573_Reversed::G:25:G,0.079,-0.11646192
peak29573_Reversed::G:25:T,0.079,-0.122804955
peak29573_Reversed::G:25:C,0.079,-0.13035354
peak29573_Reversed::A:26:A,0.079,-0.12077466
peak29573_Reversed::A:26:G,0.079,-0.10751614
peak29573_Reversed::A:26:T,0.079,-0.097945616
peak29573_Reversed::A:26:C,0.079,-0.10411465
peak29573_Reversed::G:27:A,0.079,-0.10457045
peak29573_Reversed::G:27:G,0.079,-0.108293116
peak29573_Reversed::G:27:T,0.079,-0.11177279
peak29573_Reversed::G:27:C,0.079,-0.15525648
peak29573_Reversed::A:28:A,0.079,-0.09737976
peak29573_Reversed::A:28:G,0.079,-0.06714575
peak29573_Reversed::A:28:T,0.079,-0.110024154
peak29573_Reversed::A:28:C,0.079,-0.099384286
peak29573_Reversed::A:29:A,0.079,-0.11895099
peak29573_Reversed::A:29:G,0.079,-0.13162881
peak29573_Reversed::A:29:T,0.079,-0.1288599
peak29573_Reversed::A:29:C,0.079,-0.10484314
peak29573_Reversed::T:30:A,0.079,-0.10553415
peak29573_Reversed::T:30:G,0.079,-0.13762526
peak29573_Reversed::T:30:T,0.079,-0.11525941
peak29573_Reversed::T:30:C,0.079,-0.15384471
peak29573_Reversed::G:31:A,0.079,-0.12843181
peak29573_Reversed::G:31:G,0.079,-0.10933176
peak29573_Reversed::G:31:T,0.079,-0.114415914
peak29573_Reversed::G:31:C,0.079,-0.15936731
peak29573_Reversed::A:32:A,0.079,-0.14320815
peak29573_Reversed::A:32:G,0.079,-0.16900839
peak29573_Reversed::A:32:T,0.079,-0.14069295
peak29573_Reversed::A:32:C,0.079,-0.20050776
peak29573_Reversed::C:33:A,0.079,-0.08493866
peak29573_Reversed::C:33:G,0.079,-0.09331461
peak29573_Reversed::C:33:T,0.079,-0.07039289
peak29573_Reversed::C:33:C,0.079,-0.111719444
peak29573_Reversed::C:34:A,0.079,-0.11373632
peak29573_Reversed::C:34:G,0.079,-0.08380038
peak29573_Reversed::C:34:T,0.079,-0.0828829
peak29573_Reversed::C:34:C,0.079,-0.120661065
peak29573_Reversed::A:35:A,0.079,-0.09998868
peak29573_Reversed::A:35:G,0.079,-0.08564025
peak29573_Reversed::A:35:T,0.079,-0.0554389
peak29573_Reversed::A:35:C,0.079,-0.079005726
peak29573_Reversed::G:36:A,0.079,-0.0836613
peak29573_Reversed::G:36:G,0.079,-0.06149877
peak29573_Reversed::G:36:T,0.079,-0.12549411
peak29573_Reversed::G:36:C,0.079,0.12812965
peak29573_Reversed::G:37:A,0.079,-0.07222397
peak29573_Reversed::G:37:G,0.079,-0.1219151
peak29573_Reversed::G:37:T,0.079,-0.071232855
peak29573_Reversed::G:37:C,0.079,-0.039842285
peak29573_Reversed::T:38:A,0.079,-0.043407917
peak29573_Reversed::T:38:G,0.079,-0.13295184
peak29573_Reversed::T:38:T,0.079,-0.11525941
peak29573_Reversed::T:38:C,0.079,-0.09178104
peak29573_Reversed::C:39:A,0.079,-0.11457148
peak29573_Reversed::C:39:G,0.079,-0.16751531
peak29573_Reversed::C:39:T,0.079,-0.08678189
peak29573_Reversed::C:39:C,0.079,-0.13361453
peak29573_Reversed::T:40:A,0.079,-0.11490418
peak29573_Reversed::T:40:G,0.079,-0.14994277
peak29573_Reversed::T:40:T,0.079,-0.10825066
peak29573_Reversed::T:40:C,0.079,-0.11413756
peak29573_Reversed::G:41:A,0.079,-0.096314296
peak29573_Reversed::G:41:G,0.079,-0.11646192
peak29573_Reversed::G:41:T,0.079,-0.12933154
peak29573_Reversed::G:41:C,0.079,-0.117118865
peak29573_Reversed::C:42:A,0.079,-0.07313217
peak29573_Reversed::C:42:G,0.079,-0.1595977
peak29573_Reversed::C:42:T,0.079,-0.05819851
peak29573_Reversed::C:42:C,0.079,-0.120661065
peak29573_Reversed::G:43:A,0.079,-0.118215665
peak29573_Reversed::G:43:G,0.079,-0.108293116
peak29573_Reversed::G:43:T,0.079,-0.10986629
peak29573_Reversed::G:43:C,0.079,-0.21231352
peak29573_Reversed::A:44:A,0.079,-0.09737976
peak29573_Reversed::A:44:G,0.079,-0.08912888
peak29573_Reversed::A:44:T,0.079,-0.12603828
peak29573_Reversed::A:44:C,0.079,-0.11409484
peak29573_Reversed::T:45:A,0.079,-0.15231802
peak29573_Reversed::T:45:G,0.079,-0.17278582
peak29573_Reversed::T:45:T,0.079,-0.11608754
peak29573_Reversed::T:45:C,0.079,-0.10683735
peak29573_Reversed::G:46:A,0.079,-0.06319863
peak29573_Reversed::G:46:G,0.079,-0.12858988
peak29573_Reversed::G:46:T,0.079,-0.11265665
peak29573_Reversed::G:46:C,0.079,-0.16731423
peak29573_Reversed::A:47:A,0.079,-0.1107049
peak29573_Reversed::A:47:G,0.079,-0.22106895
peak29573_Reversed::A:47:T,0.079,-0.07485294
peak29573_Reversed::A:47:C,0.079,-0.25827125
peak29573_Reversed::C:48:A,0.079,-0.14655899
peak29573_Reversed::C:48:G,0.079,-0.17344494
peak29573_Reversed::C:48:T,0.079,-0.14242409
peak29573_Reversed::C:48:C,0.079,-0.11179282
peak29573_Reversed::A:49:A,0.079,-0.108737215
peak29573_Reversed::A:49:G,0.079,-0.09312712
peak29573_Reversed::A:49:T,0.079,-0.099556
peak29573_Reversed::A:49:C,0.079,-0.11806871
peak29573_Reversed::C:50:A,0.079,-0.18357864
peak29573_Reversed::C:50:G,0.079,-0.14955546
peak29573_Reversed::C:50:T,0.079,-0.15704672
peak29573_Reversed::C:50:C,0.079,-0.120661065
peak29573_Reversed::T:51:A,0.079,-0.086467884
peak29573_Reversed::T:51:G,0.079,-0.048955485
peak29573_Reversed::T:51:T,0.079,-0.09543376
peak29573_Reversed::T:51:C,0.079,-0.14852338
peak29573_Reversed::C:52:A,0.079,-0.15227836
peak29573_Reversed::C:52:G,0.079,-0.06497219
peak29573_Reversed::C:52:T,0.079,0.0628319
peak29573_Reversed::C:52:C,0.079,-0.09718514
peak29573_Reversed::C:53:A,0.079,-0.09255302
peak29573_Reversed::C:53:G,0.079,-0.12177555
peak29573_Reversed::C:53:T,0.079,-0.119632155
peak29573_Reversed::C:53:C,0.079,-0.092422344
peak29573_Reversed::C:54:A,0.079,-0.18502437
peak29573_Reversed::C:54:G,0.079,-0.15798596
peak29573_Reversed::C:54:T,0.079,-0.14448887
peak29573_Reversed::C:54:C,0.079,-0.11067964
peak29573_Reversed::T:55:A,0.079,-0.1368958
peak29573_Reversed::T:55:G,0.079,-0.15314943
peak29573_Reversed::T:55:T,0.079,-0.09503308
peak29573_Reversed::T:55:C,0.079,-0.1786348
peak29573_Reversed::G:56:A,0.079,-0.16314518
peak29573_Reversed::G:56:G,0.079,-0.16337076
peak29573_Reversed::G:56:T,0.079,-0.0949139
peak29573_Reversed::G:56:C,0.079,-0.12826294
peak29573_Reversed::G:57:A,0.079,-0.08655785
peak29573_Reversed::G:57:G,0.079,-0.11646192
peak29573_Reversed::G:57:T,0.079,-0.1337225
peak29573_Reversed::G:57:C,0.079,-0.1244546
peak29573_Reversed::C:58:A,0.079,-0.10015508
peak29573_Reversed::C:58:G,0.079,0.030757014
peak29573_Reversed::C:58:T,0.079,-0.08607634
peak29573_Reversed::C:58:C,0.079,-0.120661065
peak29573_Reversed::T:59:A,0.079,-0.18130101
peak29573_Reversed::T:59:G,0.079,-0.15928642
peak29573_Reversed::T:59:T,0.079,-0.09543376
peak29573_Reversed::T:59:C,0.079,-0.15670684
peak29573_Reversed::G:60:A,0.079,-0.15550888
peak29573_Reversed::G:60:G,0.079,-0.06149877
peak29573_Reversed::G:60:T,0.079,-0.13973783
peak29573_Reversed::G:60:C,0.079,-0.13696902
peak29573_Reversed::G:61:A,0.079,-0.13242474
peak29573_Reversed::G:61:G,0.079,-0.1219151
peak29573_Reversed::G:61:T,0.079,-0.12756084
peak29573_Reversed::G:61:C,0.079,-0.10367874
peak29573_Reversed::G:62:A,0.079,-0.06113574
peak29573_Reversed::G:62:G,0.079,-0.12858988
peak29573_Reversed::G:62:T,0.079,-0.120401844
peak29573_Reversed::G:62:C,0.079,-0.13700336
peak29573_Reversed::A:63:A,0.079,-0.1107049
peak29573_Reversed::A:63:G,0.079,-0.10130566
peak29573_Reversed::A:63:T,0.079,-0.15789835
peak29573_Reversed::A:63:C,0.079,-0.1386548
peak29573_Reversed::G:64:A,0.079,-0.17059684
peak29573_Reversed::G:64:G,0.079,-0.16337076
peak29573_Reversed::G:64:T,0.079,-0.14840344
peak29573_Reversed::G:64:C,0.079,-0.13436314
peak29573_Reversed::C:65:A,0.079,0.07656373
peak29573_Reversed::C:65:G,0.079,0.16277695
peak29573_Reversed::C:65:T,0.079,0.16038644
peak29573_Reversed::C:65:C,0.079,-0.111719444
peak29573_Reversed::A:66:A,0.079,-0.12077466
peak29573_Reversed::A:66:G,0.079,-0.07561313
peak29573_Reversed::A:66:T,0.079,-0.11505489
peak29573_Reversed::A:66:C,0.079,-0.15030392
peak29573_Reversed::G:67:A,0.079,-0.10141447
peak29573_Reversed::G:67:G,0.079,-0.108293116
peak29573_Reversed::G:67:T,0.079,-0.1330467
peak29573_Reversed::G:67:C,0.079,-0.17363605
peak29573_Reversed::G:68:A,0.079,-0.10419069
peak29573_Reversed::G:68:G,0.079,-0.06149877
peak29573_Reversed::G:68:T,0.079,-0.14727491
peak29573_Reversed::G:68:C,0.079,-0.14948979
peak29573_Reversed::A:69:A,0.079,-0.11895099
peak29573_Reversed::A:69:G,0.079,-0.12403874
peak29573_Reversed::A:69:T,0.079,-0.15600595
peak29573_Reversed::A:69:C,0.079,0.011775954
peak29573_Reversed::G:70:A,0.079,-0.055976175
peak29573_Reversed::G:70:G,0.079,-0.12858988
peak29573_Reversed::G:70:T,0.079,-0.1314971
peak29573_Reversed::G:70:C,0.079,-0.1271532
peak29573_Reversed::G:71:A,0.079,-0.09129441
peak29573_Reversed::G:71:G,0.079,-0.10933176
peak29573_Reversed::G:71:T,0.079,-0.08141561
peak29573_Reversed::G:71:C,0.079,-0.1462731
peak29573_Reversed::G:72:A,0.079,-0.13389829
peak29573_Reversed::G:72:G,0.079,-0.16337076
peak29573_Reversed::G:72:T,0.079,-0.14982338
peak29573_Reversed::G:72:C,0.079,-0.1361948
peak29573_Reversed::A:73:A,0.079,-0.108737215
peak29573_Reversed::A:73:G,0.079,-0.13860641
peak29573_Reversed::A:73:T,0.079,-0.13248137
peak29573_Reversed::A:73:C,0.079,-0.10514058
peak29573_Reversed::C:74:A,0.079,-0.13518567
peak29573_Reversed::C:74:G,0.079,-0.117087245
peak29573_Reversed::C:74:T,0.079,-0.15657361
peak29573_Reversed::C:74:C,0.079,-0.120661065
peak29573_Reversed::T:75:A,0.079,-0.11479363
peak29573_Reversed::T:75:G,0.079,-0.09064585
peak29573_Reversed::T:75:T,0.079,-0.09543376
peak29573_Reversed::T:75:C,0.079,-0.09832586
peak29573_Reversed::C:76:A,0.079,-0.09066489
peak29573_Reversed::C:76:G,0.079,-0.055224657
peak29573_Reversed::C:76:T,0.079,-0.0760252
peak29573_Reversed::C:76:C,0.079,-0.09718514
peak29573_Reversed::C:77:A,0.079,-0.1389356
peak29573_Reversed::C:77:G,0.079,-0.10264463
peak29573_Reversed::C:77:T,0.079,-0.096860684
peak29573_Reversed::C:77:C,0.079,-0.092422344
peak29573_Reversed::T:78:A,0.079,-0.116300195
peak29573_Reversed::T:78:G,0.079,-0.10043647
peak29573_Reversed::T:78:T,0.079,-0.11525941
peak29573_Reversed::T:78:C,0.079,-0.114501804
peak29573_Reversed::G:79:A,0.079,-0.09670859
peak29573_Reversed::G:79:G,0.079,-0.10933176
peak29573_Reversed::G:79:T,0.079,-0.095339194
peak29573_Reversed::G:79:C,0.079,-0.13264886
peak29573_Reversed::A:80:A,0.079,-0.14320815
peak29573_Reversed::A:80:G,0.079,-0.18186735
peak29573_Reversed::A:80:T,0.079,-0.096808225
peak29573_Reversed::A:80:C,0.079,-0.17174324
peak29573_Reversed::G:81:A,0.079,-0.08104533
peak29573_Reversed::G:81:G,0.079,-0.11646192
peak29573_Reversed::G:81:T,0.079,-0.094792396
peak29573_Reversed::G:81:C,0.079,-0.14270626
peak29573_Reversed::A:82:A,0.079,-0.12077466
peak29573_Reversed::A:82:G,0.079,-0.18061566
peak29573_Reversed::A:82:T,0.079,-0.119433
peak29573_Reversed::A:82:C,0.079,-0.16759656
peak29573_Reversed::C:83:A,0.079,-0.16173892
peak29573_Reversed::C:83:G,0.079,-0.113070294
peak29573_Reversed::C:83:T,0.079,-0.1673169
peak29573_Reversed::C:83:C,0.079,-0.11431301
peak29573_Reversed::T:84:A,0.079,-0.14650376
peak29573_Reversed::T:84:G,0.079,-0.1049526
peak29573_Reversed::T:84:T,0.079,-0.113051236
peak29573_Reversed::T:84:C,0.079,-0.12879133
peak29573_Reversed::G:85:A,0.079,-0.11588119
peak29573_Reversed::G:85:G,0.079,-0.1219151
peak29573_Reversed::G:85:T,0.079,-0.18290809
peak29573_Reversed::G:85:C,0.079,0.20853716
peak29573_Reversed::C:86:A,0.079,-0.15092461
peak29573_Reversed::C:86:G,0.079,-0.22912191
peak29573_Reversed::C:86:T,0.079,-0.16484143
peak29573_Reversed::C:86:C,0.079,-0.11067964
peak29573_Reversed::T:87:A,0.079,-0.10425989
peak29573_Reversed::T:87:G,0.079,-0.09985694
peak29573_Reversed::T:87:T,0.079,-0.09503308
peak29573_Reversed::T:87:C,0.079,-0.112989634
peak29573_Reversed::C:88:A,0.079,-0.24958229
peak29573_Reversed::C:88:G,0.079,-0.22730677
peak29573_Reversed::C:88:T,0.079,-0.15708128
peak29573_Reversed::C:88:C,0.079,-0.11179282
peak29573_Reversed::C:89:A,0.079,-0.19183402
peak29573_Reversed::C:89:G,0.079,-0.19987845
peak29573_Reversed::C:89:T,0.079,-0.18422773
peak29573_Reversed::C:89:C,0.079,-0.111719444
peak29573_Reversed::C:90:A,0.079,-0.23058152
peak29573_Reversed::C:90:G,0.079,-0.20956244
peak29573_Reversed::C:90:T,0.079,-0.14166746
peak29573_Reversed::C:90:C,0.079,-0.120661065
peak29573_Reversed::C:91:A,0.079,-0.23087755
peak29573_Reversed::C:91:G,0.079,-0.22713953
peak29573_Reversed::C:91:T,0.079,-0.11048134
peak29573_Reversed::C:91:C,0.079,-0.11431301
peak29573_Reversed::T:92:A,0.079,-0.17359547
peak29573_Reversed::T:92:G,0.079,-0.15664618
peak29573_Reversed::T:92:T,0.079,-0.113051236
peak29573_Reversed::T:92:C,0.079,-0.12190996
peak29573_Reversed::T:93:A,0.079,-0.103476435
peak29573_Reversed::T:93:G,0.079,-0.1875513
peak29573_Reversed::T:93:T,0.079,-0.11608754
peak29573_Reversed::T:93:C,0.079,-0.19244209
peak29573_Reversed::G:94:A,0.079,-0.1996888
peak29573_Reversed::G:94:G,0.079,-0.12858988
peak29573_Reversed::G:94:T,0.079,-0.17126118
peak29573_Reversed::G:94:C,0.079,-0.18502489
peak29573_Reversed::T:95:A,0.079,-0.19114308
peak29573_Reversed::T:95:G,0.079,-0.19468
peak29573_Reversed::T:95:T,0.079,-0.09503308
peak29573_Reversed::T:95:C,0.079,-0.16373287
peak29573_Reversed::G:96:A,0.079,-0.20684402
peak29573_Reversed::G:96:G,0.079,-0.16337076
peak29573_Reversed::G:96:T,0.079,-0.17195176
peak29573_Reversed::G:96:C,0.079,-0.21646544
peak29573_Reversed::G:97:A,0.079,-0.15749264
peak29573_Reversed::G:97:G,0.079,-0.11646192
peak29573_Reversed::G:97:T,0.079,-0.1489246
peak29573_Reversed::G:97:C,0.079,-0.16323502
peak29573_Reversed::A:98:A,0.079,-0.12077466
peak29573_Reversed::A:98:G,0.079,-0.1324486
peak29573_Reversed::A:98:T,0.079,-0.13184729
peak29573_Reversed::A:98:C,0.079,-0.18842933
peak29573_Reversed::C:99:A,0.079,-0.067438506
peak29573_Reversed::C:99:G,0.079,-0.059441417
peak29573_Reversed::C:99:T,0.079,-0.045169123
peak29573_Reversed::C:99:C,0.079,-0.11431301
peak29573_Reversed::A:100:A,0.079,-0.09737976
peak29573_Reversed::A:100:G,0.079,-0.20488088
peak29573_Reversed::A:100:T,0.079,-0.23449409
peak29573_Reversed::A:100:C,0.079,-0.31573892
peak29573_Reversed::A:101:A,0.079,-0.11895099
peak29573_Reversed::A:101:G,0.079,-0.17379145
peak29573_Reversed::A:101:T,0.079,-0.31283978
peak29573_Reversed::A:101:C,0.079,-0.16096954
peak29573_Reversed::A:102:A,0.079,-0.10621986
peak29573_Reversed::A:102:G,0.079,-0.29547217
peak29573_Reversed::A:102:T,0.079,-0.36659592
peak29573_Reversed::A:102:C,0.079,-0.3171225
peak29573_Reversed::G:103:A,0.079,-0.11803572
peak29573_Reversed::G:103:G,0.079,-0.10933176
peak29573_Reversed::G:103:T,0.079,-0.29639295
peak29573_Reversed::G:103:C,0.079,-0.078148134
peak29573_Reversed::A:104:A,0.079,-0.14320815
peak29573_Reversed::A:104:G,0.079,-0.40278226
peak29573_Reversed::A:104:T,0.079,-0.35851523
peak29573_Reversed::A:104:C,0.079,-0.0011614542
peak29573_Reversed::G:105:A,0.079,-0.33279797
peak29573_Reversed::G:105:G,0.079,-0.11646192
peak29573_Reversed::G:105:T,0.079,-0.42797923
peak29573_Reversed::G:105:C,0.079,-0.44324437
peak29573_Reversed::G:106:A,0.079,-0.33822203
peak29573_Reversed::G:106:G,0.079,-0.12212829
peak29573_Reversed::G:106:T,0.079,-0.39116216
peak29573_Reversed::G:106:C,0.079,-0.33170775
peak29573_Reversed::A:107:A,0.079,-0.09998868
peak29573_Reversed::A:107:G,0.079,-0.33116767
peak29573_Reversed::A:107:T,0.079,-0.32700017
peak29573_Reversed::A:107:C,0.079,-0.32981125
peak29573_Reversed::A:108:A,0.079,-0.09737976
peak29573_Reversed::A:108:G,0.079,-0.3212503
peak29573_Reversed::A:108:T,0.079,-0.3536194
peak29573_Reversed::A:108:C,0.079,-0.3115575
peak29573_Reversed::G:109:A,0.079,-0.2919227
peak29573_Reversed::G:109:G,0.079,-0.1219151
peak29573_Reversed::G:109:T,0.079,-0.33280393
peak29573_Reversed::G:109:C,0.079,-0.27999035
peak29573_Reversed::T:110:A,0.079,-0.33614466
peak29573_Reversed::T:110:G,0.079,-0.40471733
peak29573_Reversed::T:110:T,0.079,-0.11525941
peak29573_Reversed::T:110:C,0.079,-0.2890858
peak29573_Reversed::T:111:A,0.079,-0.12092017
peak29573_Reversed::T:111:G,0.079,-0.17662506
peak29573_Reversed::T:111:T,0.079,-0.09503308
peak29573_Reversed::T:111:C,0.079,-0.18760258
peak29573_Reversed::G:112:A,0.079,-0.14483915
peak29573_Reversed::G:112:G,0.079,-0.16337076
peak29573_Reversed::G:112:T,0.079,-0.12528843
peak29573_Reversed::G:112:C,0.079,-0.15063925
peak29573_Reversed::G:113:A,0.079,-0.10284514
peak29573_Reversed::G:113:G,0.079,-0.11646192
peak29573_Reversed::G:113:T,0.079,-0.108078286
peak29573_Reversed::G:113:C,0.079,-0.122424334
peak29573_Reversed::G:114:A,0.079,-0.14100908
peak29573_Reversed::G:114:G,0.079,-0.12212829
peak29573_Reversed::G:114:T,0.079,-0.16294897
peak29573_Reversed::G:114:C,0.079,-0.13035743
peak29573_Reversed::C:115:A,0.079,-0.10267201
peak29573_Reversed::C:115:G,0.079,-0.09357601
peak29573_Reversed::C:115:T,0.079,-0.09218202
peak29573_Reversed::C:115:C,0.079,-0.11431301
peak29573_Reversed::C:116:A,0.079,-0.06884497
peak29573_Reversed::C:116:G,0.079,0.008353871
peak29573_Reversed::C:116:T,0.079,-0.091687396
peak29573_Reversed::C:116:C,0.079,-0.09718514
peak29573_Reversed::G:117:A,0.079,-0.008475399
peak29573_Reversed::G:117:G,0.079,-0.1219151
peak29573_Reversed::G:117:T,0.079,-0.08877865
peak29573_Reversed::G:117:C,0.079,-0.089656234
peak29573_Reversed::A:118:A,0.079,-0.10621986
peak29573_Reversed::A:118:G,0.079,-0.14016205
peak29573_Reversed::A:118:T,0.079,-0.09743732
peak29573_Reversed::A:118:C,0.079,-0.094800346
peak29573_Reversed::T:119:A,0.079,-0.09186421
peak29573_Reversed::T:119:G,0.079,-0.14693864
peak29573_Reversed::T:119:T,0.079,-0.09503308
peak29573_Reversed::T:119:C,0.079,-0.122715235
peak29573_Reversed::G:120:A,0.079,-0.0575846
peak29573_Reversed::G:120:G,0.079,-0.16337076
peak29573_Reversed::G:120:T,0.079,-0.08714884
peak29573_Reversed::G:120:C,0.079,-0.08959034
peak29573_Reversed::G:121:A,0.079,-0.07793817
peak29573_Reversed::G:121:G,0.079,-0.11646192
peak29573_Reversed::G:121:T,0.079,-0.06937985
peak29573_Reversed::G:121:C,0.079,-0.104069404
peak29573_Reversed::C:122:A,0.079,-0.12649177
peak29573_Reversed::C:122:G,0.079,-0.116470486
peak29573_Reversed::C:122:T,0.079,-0.1262373
peak29573_Reversed::C:122:C,0.079,-0.120661065
peak29573_Reversed::C:123:A,0.079,-0.10954878
peak29573_Reversed::C:123:G,0.079,-0.12758614
peak29573_Reversed::C:123:T,0.079,-0.11058052
peak29573_Reversed::C:123:C,0.079,-0.11431301
peak29573_Reversed::G:124:A,0.079,0.009119037
peak29573_Reversed::G:124:G,0.079,-0.06149877
peak29573_Reversed::G:124:T,0.079,-0.12938507
peak29573_Reversed::G:124:C,0.079,-0.19313651
peak29573_Reversed::A:125:A,0.079,-0.11895099
peak29573_Reversed::A:125:G,0.079,-0.15585874
peak29573_Reversed::A:125:T,0.079,-0.1537003
peak29573_Reversed::A:125:C,0.079,-0.14463395
peak29573_Reversed::T:126:A,0.079,-0.0957504
peak29573_Reversed::T:126:G,0.079,-0.15299919
peak29573_Reversed::T:126:T,0.079,-0.11525941
peak29573_Reversed::T:126:C,0.079,-0.18054467
peak29573_Reversed::G:127:A,0.079,0.06268464
peak29573_Reversed::G:127:G,0.079,-0.10933176
peak29573_Reversed::G:127:T,0.079,0.0012073759
peak29573_Reversed::G:127:C,0.079,-0.1065577
peak29573_Reversed::A:128:A,0.079,-0.14320815
peak29573_Reversed::A:128:G,0.079,-0.18685871
peak29573_Reversed::A:128:T,0.079,-0.18183537
peak29573_Reversed::A:128:C,0.079,-0.13820314
peak29573_Reversed::C:129:A,0.079,-0.076952584
peak29573_Reversed::C:129:G,0.079,-0.07263385
peak29573_Reversed::C:129:T,0.079,-0.089825936
peak29573_Reversed::C:129:C,0.079,-0.111719444
peak29573_Reversed::G:130:A,0.079,-0.0863941
peak29573_Reversed::G:130:G,0.079,-0.12212829
peak29573_Reversed::G:130:T,0.079,-0.107496664
peak29573_Reversed::G:130:C,0.079,-0.09144104
peak29573_Reversed::G:131:A,0.079,-0.112817675
peak29573_Reversed::G:131:G,0.079,-0.108293116
peak29573_Reversed::G:131:T,0.079,-0.14413576
peak29573_Reversed::G:131:C,0.079,-0.16031376
peak29573_Reversed::C:132:A,0.079,-0.123658955
peak29573_Reversed::C:132:G,0.079,-0.11381501
peak29573_Reversed::C:132:T,0.079,-0.06563211
peak29573_Reversed::C:132:C,0.079,-0.09718514
peak29573_Reversed::C:133:A,0.079,-0.09353004
peak29573_Reversed::C:133:G,0.079,-0.13462596
peak29573_Reversed::C:133:T,0.079,-0.110751644
peak29573_Reversed::C:133:C,0.079,-0.092422344
peak29573_Reversed::A:134:A,0.079,-0.10621986
peak29573_Reversed::A:134:G,0.079,-0.15037787
peak29573_Reversed::A:134:T,0.079,-0.11259197
peak29573_Reversed::A:134:C,0.079,-0.094657764
peak29573_Reversed::G:135:A,0.079,-0.09677779
peak29573_Reversed::G:135:G,0.079,-0.10933176
peak29573_Reversed::G:135:T,0.079,-0.09062135
peak29573_Reversed::G:135:C,0.079,-0.08495887
peak29573_Reversed::G:136:A,0.079,-0.08495503
peak29573_Reversed::G:136:G,0.079,-0.16337076
peak29573_Reversed::G:136:T,0.079,-0.058294475
peak29573_Reversed::G:136:C,0.079,-0.07060849
peak29573_Reversed::C:137:A,0.079,-0.08946602
peak29573_Reversed::C:137:G,0.079,-0.11870211
peak29573_Reversed::C:137:T,0.079,-0.07998721
peak29573_Reversed::C:137:C,0.079,-0.111719444
peak29573_Reversed::C:138:A,0.079,-0.096357234
peak29573_Reversed::C:138:G,0.079,-0.12576674
peak29573_Reversed::C:138:T,0.079,-0.10769278
peak29573_Reversed::C:138:C,0.079,-0.120661065
peak29573_Reversed::G:139:A,0.079,-0.109330565
peak29573_Reversed::G:139:G,0.079,-0.108293116
peak29573_Reversed::G:139:T,0.079,-0.12237644
peak29573_Reversed::G:139:C,0.079,-0.1254509
peak29573_Reversed::C:140:A,0.079,-0.1050255
peak29573_Reversed::C:140:G,0.079,-0.035141543
peak29573_Reversed::C:140:T,0.079,-0.14749415
peak29573_Reversed::C:140:C,0.079,-0.09718514
peak29573_Reversed::G:141:A,0.079,-0.09596522
peak29573_Reversed::G:141:G,0.079,-0.1219151
peak29573_Reversed::G:141:T,0.079,-0.112756625
peak29573_Reversed::G:141:C,0.079,-0.1355499
peak29573_Reversed::A:142:A,0.079,-0.10621986
peak29573_Reversed::A:142:G,0.079,-0.15208818
peak29573_Reversed::A:142:T,0.079,-0.14849526
peak29573_Reversed::A:142:C,0.079,-0.11649133
peak29573_Reversed::G:143:A,0.079,-0.08667989
peak29573_Reversed::G:143:G,0.079,-0.10933176
peak29573_Reversed::G:143:T,0.079,-0.07036541
peak29573_Reversed::G:143:C,0.079,-0.10958721
peak29573_Reversed::G:144:A,0.079,-0.10258913
peak29573_Reversed::G:144:G,0.079,-0.16337076
peak29573_Reversed::G:144:T,0.079,-0.07047545
peak29573_Reversed::G:144:C,0.079,-0.10193509
peak29573_Reversed::C:145:A,0.079,-0.12535453
peak29573_Reversed::C:145:G,0.079,-0.090873756
peak29573_Reversed::C:145:T,0.079,-0.07524646
peak29573_Reversed::C:145:C,0.079,-0.111719444
peak29573_Reversed::T:146:A,0.079,-0.09268267
peak29573_Reversed::T:146:G,0.079,-0.10898435
peak29573_Reversed::T:146:T,0.079,-0.11398557
peak29573_Reversed::T:146:C,0.079,-0.08075843
peak29573_Reversed::G:147:A,0.079,-0.11757827
peak29573_Reversed::G:147:G,0.079,-0.108293116
peak29573_Reversed::G:147:T,0.079,-0.09278149
peak29573_Reversed::G:147:C,0.079,-0.14193709
peak29573_Reversed::C:148:A,0.079,-0.11139509
peak29573_Reversed::C:148:G,0.079,-0.11227524
peak29573_Reversed::C:148:T,0.079,-0.070638455
peak29573_Reversed::C:148:C,0.079,-0.09718514
peak29573_Reversed::T:149:A,0.079,-0.13306923
peak29573_Reversed::T:149:G,0.079,-0.10400864
peak29573_Reversed::T:149:T,0.079,-0.11608754
peak29573_Reversed::T:149:C,0.079,-0.07923669
peak29573_Reversed::G:150:A,0.079,-0.08240848
peak29573_Reversed::G:150:G,0.079,-0.12858988
peak29573_Reversed::G:150:T,0.079,-0.11527018
peak29573_Reversed::G:150:C,0.079,-0.14022389
peak29573_Reversed::C:151:A,0.079,-0.043905966
peak29573_Reversed::C:151:G,0.079,-0.12286581
peak29573_Reversed::C:151:T,0.079,-0.060369395
peak29573_Reversed::C:151:C,0.079,-0.13361453
peak29573_Reversed::T:152:A,0.079,-0.17527696
peak29573_Reversed::T:152:G,0.079,-0.19390707
peak29573_Reversed::T:152:T,0.079,-0.10825066
peak29573_Reversed::T:152:C,0.079,-0.14836647
peak29573_Reversed::G:153:A,0.079,-0.10790716
peak29573_Reversed::G:153:G,0.079,-0.11646192
peak29573_Reversed::G:153:T,0.079,-0.090470806
peak29573_Reversed::G:153:C,0.079,-0.10815312
peak29573_Reversed::G:154:A,0.079,-0.1185427
peak29573_Reversed::G:154:G,0.079,-0.12212829
peak29573_Reversed::G:154:T,0.079,-0.20137784
peak29573_Reversed::G:154:C,0.079,-0.09671777
peak29573_Reversed::G:155:A,0.079,-0.1073287
peak29573_Reversed::G:155:G,0.079,-0.108293116
peak29573_Reversed::G:155:T,0.079,-0.07886876
peak29573_Reversed::G:155:C,0.079,-0.11370157
peak29573_Reversed::C:156:A,0.079,-0.10351942
peak29573_Reversed::C:156:G,0.079,-0.09727608
peak29573_Reversed::C:156:T,0.079,-0.11944689
peak29573_Reversed::C:156:C,0.079,-0.09718514
peak29573_Reversed::C:157:A,0.079,-0.17474216
peak29573_Reversed::C:157:G,0.079,-0.10789353
peak29573_Reversed::C:157:T,0.079,-0.0798854
peak29573_Reversed::C:157:C,0.079,-0.092422344
peak29573_Reversed::C:158:A,0.079,-0.12267201
peak29573_Reversed::C:158:G,0.079,-0.11366883
peak29573_Reversed::C:158:T,0.079,-0.072001316
peak29573_Reversed::C:158:C,0.079,-0.11067964
peak29573_Reversed::T:159:A,0.079,-0.14835888
peak29573_Reversed::T:159:G,0.079,-0.12702058
peak29573_Reversed::T:159:T,0.079,-0.09503308
peak29573_Reversed::T:159:C,0.079,-0.22081278
peak29573_Reversed::G:160:A,0.079,-0.18222308
peak29573_Reversed::G:160:G,0.079,-0.16337076
peak29573_Reversed::G:160:T,0.079,-0.086906224
peak29573_Reversed::G:160:C,0.079,-0.13871862
peak29573_Reversed::G:161:A,0.079,0.0041370224
peak29573_Reversed::G:161:G,0.079,-0.11646192
peak29573_Reversed::G:161:T,0.079,-0.07583469
peak29573_Reversed::G:161:C,0.079,0.04918258
peak29573_Reversed::G:162:A,0.079,-0.10695489
peak29573_Reversed::G:162:G,0.079,-0.12212829
peak29573_Reversed::G:162:T,0.079,-0.15413444
peak29573_Reversed::G:162:C,0.079,-0.2116324
peak29573_Reversed::T:163:A,0.079,-0.12083547
peak29573_Reversed::T:163:G,0.079,-0.21436055
peak29573_Reversed::T:163:T,0.079,-0.09543376
peak29573_Reversed::T:163:C,0.079,-0.14335983
peak29573_Reversed::C:164:A,0.079,-0.09737307
peak29573_Reversed::C:164:G,0.079,-0.04276856
peak29573_Reversed::C:164:T,0.079,-0.010720851
peak29573_Reversed::C:164:C,0.079,-0.09718514
peak29573_Reversed::A:165:A,0.079,-0.11895099
peak29573_Reversed::A:165:G,0.079,-0.13193944
peak29573_Reversed::A:165:T,0.079,-0.10222716
peak29573_Reversed::A:165:C,0.079,-0.15042196
peak29573_Reversed::C:166:A,0.079,-0.0866434
peak29573_Reversed::C:166:G,0.079,-0.10528952
peak29573_Reversed::C:166:T,0.079,-0.09795561
peak29573_Reversed::C:166:C,0.079,-0.11067964
peak29573_Reversed::A:167:A,0.079,-0.1107049
peak29573_Reversed::A:167:G,0.079,-0.09326173
peak29573_Reversed::A:167:T,0.079,-0.14348748
peak29573_Reversed::A:167:C,0.079,-0.15556143
peak29573_Reversed::G:168:A,0.079,0.035208106
peak29573_Reversed::G:168:G,0.079,-0.16337076
peak29573_Reversed::G:168:T,0.079,0.20335083
peak29573_Reversed::G:168:C,0.079,0.06704658
peak29573_Reversed::G:169:A,0.079,-0.055336088
peak29573_Reversed::G:169:G,0.079,-0.11646192
peak29573_Reversed::G:169:T,0.079,-0.050923184
peak29573_Reversed::G:169:C,0.079,-0.07087555
peak29573_Reversed::T:170:A,0.079,-0.0763569
peak29573_Reversed::T:170:G,0.079,-0.12596396
peak29573_Reversed::T:170:T,0.079,-0.11398557
peak29573_Reversed::T:170:C,0.079,-0.10444893
peak29573_Reversed::C:171:A,0.079,-0.09714457
peak29573_Reversed::C:171:G,0.079,-0.0501424
peak29573_Reversed::C:171:T,0.079,-0.07014264
peak29573_Reversed::C:171:C,0.079,-0.11431301
peak29573_Reversed::G:172:A,0.079,-0.13255154
peak29573_Reversed::G:172:G,0.079,-0.06149877
peak29573_Reversed::G:172:T,0.079,-0.08145761
peak29573_Reversed::G:172:C,0.079,-0.11482535
peak29573_Reversed::A:173:A,0.079,-0.11895099
peak29573_Reversed::A:173:G,0.079,-0.11733994
peak29573_Reversed::A:173:T,0.079,-0.06916318
peak29573_Reversed::A:173:C,0.079,-0.048321053
peak29573_Reversed::G:174:A,0.079,-0.07311681
peak29573_Reversed::G:174:G,0.079,-0.12858988
peak29573_Reversed::G:174:T,0.079,-0.07872973
peak29573_Reversed::G:174:C,0.079,-0.05602663
peak29573_Reversed::G:175:A,0.079,-0.07881663
peak29573_Reversed::G:175:G,0.079,-0.10933176
peak29573_Reversed::G:175:T,0.079,-0.015793035
peak29573_Reversed::G:175:C,0.079,-0.14163648
peak29573_Reversed::T:176:A,0.079,-0.13953786
peak29573_Reversed::T:176:G,0.079,-0.19115856
peak29573_Reversed::T:176:T,0.079,-0.10825066
peak29573_Reversed::T:176:C,0.079,-0.06657077
peak29573_Reversed::G:177:A,0.079,-0.13377376
peak29573_Reversed::G:177:G,0.079,-0.11646192
peak29573_Reversed::G:177:T,0.079,-0.10348488
peak29573_Reversed::G:177:C,0.079,-0.1693371
peak29573_Reversed::T:178:A,0.079,-0.07211433
peak29573_Reversed::T:178:G,0.079,-0.11352861
peak29573_Reversed::T:178:T,0.079,-0.11398557
peak29573_Reversed::T:178:C,0.079,-0.24038142
peak29573_Reversed::C:179:A,0.079,-0.080753185
peak29573_Reversed::C:179:G,0.079,-0.051720336
peak29573_Reversed::C:179:T,0.079,-0.08754698
peak29573_Reversed::C:179:C,0.079,-0.11431301
peak29573_Reversed::A:180:A,0.079,-0.09737976
peak29573_Reversed::A:180:G,0.079,-0.08150482
peak29573_Reversed::A:180:T,0.079,-0.15229355
peak29573_Reversed::A:180:C,0.079,-0.14214762
peak29573_Reversed::G:181:A,0.079,-0.1042282
peak29573_Reversed::G:181:G,0.079,-0.1219151
peak29573_Reversed::G:181:T,0.079,-0.107344225
peak29573_Reversed::G:181:C,0.079,0.021192
peak29573_Reversed::G:182:A,0.079,-0.09347658
peak29573_Reversed::G:182:G,0.079,-0.12858988
peak29573_Reversed::G:182:T,0.079,-0.13602062
peak29573_Reversed::G:182:C,0.079,-0.1225377
peak29573_Reversed::C:183:A,0.079,-0.062546484
peak29573_Reversed::C:183:G,0.079,-0.114360586
peak29573_Reversed::C:183:T,0.079,-0.11210966
peak29573_Reversed::C:183:C,0.079,-0.13361453
peak29573_Reversed::C:184:A,0.079,-0.13205858
peak29573_Reversed::C:184:G,0.079,-0.18188567
peak29573_Reversed::C:184:T,0.079,-0.09774617
peak29573_Reversed::C:184:C,0.079,-0.11179282
peak29573_Reversed::T:185:A,0.079,-0.098182924
peak29573_Reversed::T:185:G,0.079,-0.12354128
peak29573_Reversed::T:185:T,0.079,-0.09796435
peak29573_Reversed::T:185:C,0.079,-0.127767
peak29573_Reversed::C:186:A,0.079,-0.09528271
peak29573_Reversed::C:186:G,0.079,-0.104810074
peak29573_Reversed::C:186:T,0.079,-0.09555817
peak29573_Reversed::C:186:C,0.079,-0.120661065
peak29573_Reversed::T:187:A,0.079,-0.090398945
peak29573_Reversed::T:187:G,0.079,-0.10453376
peak29573_Reversed::T:187:T,0.079,-0.09543376
peak29573_Reversed::T:187:C,0.079,-0.09811912
peak29573_Reversed::G:188:A,0.079,-0.09705702
peak29573_Reversed::G:188:G,0.079,-0.06149877
peak29573_Reversed::G:188:T,0.079,-0.10486528
peak29573_Reversed::G:188:C,0.079,-0.08032009
peak29573_Reversed::A:189:A,0.079,-0.11895099
peak29573_Reversed::A:189:G,0.079,-0.10761842
peak29573_Reversed::A:189:T,0.079,-0.15523659
peak29573_Reversed::A:189:C,0.079,-0.06627544
peak29573_Reversed::G:190:A,0.079,-0.11928649
peak29573_Reversed::G:190:G,0.079,-0.12858988
peak29573_Reversed::G:190:T,0.079,-0.12436485
peak29573_Reversed::G:190:C,0.079,-0.115973294
peak29573_Reversed::C:191:A,0.079,-0.09683629
peak29573_Reversed::C:191:G,0.079,-0.086567745
peak29573_Reversed::C:191:T,0.079,-0.10449344
peak29573_Reversed::C:191:C,0.079,-0.13361453
peak29573_Reversed::C:192:A,0.079,-0.1267201
peak29573_Reversed::C:192:G,0.079,-0.119070664
peak29573_Reversed::C:192:T,0.079,-0.09030865
peak29573_Reversed::C:192:C,0.079,-0.11179282
peak29573_Reversed::T:193:A,0.079,-0.09015433
peak29573_Reversed::T:193:G,0.079,-0.06486509
peak29573_Reversed::T:193:T,0.079,-0.09796435
peak29573_Reversed::T:193:C,0.079,-0.12658367
peak29573_Reversed::A:194:A,0.079,-0.12077466
peak29573_Reversed::A:194:G,0.079,-0.102193095
peak29573_Reversed::A:194:T,0.079,-0.093568265
peak29573_Reversed::A:194:C,0.079,-0.12140946
peak29573_Reversed::A:195:A,0.079,-0.09998868
peak29573_Reversed::A:195:G,0.079,-0.07568347
peak29573_Reversed::A:195:T,0.079,-0.084695674
peak29573_Reversed::A:195:C,0.079,-0.09405856
peak29573_Reversed::A:196:A,0.079,-0.09737976
peak29573_Reversed::A:196:G,0.079,-0.067150526
peak29573_Reversed::A:196:T,0.079,-0.17156425
peak29573_Reversed::A:196:C,0.079,-0.081195496
peak29573_Reversed::G:197:A,0.079,-0.11199853
peak29573_Reversed::G:197:G,0.079,-0.1219151
peak29573_Reversed::G:197:T,0.079,-0.16304383
peak29573_Reversed::G:197:C,0.079,-0.108551085
peak29573_Reversed::C:198:A,0.079,-0.112359464
peak29573_Reversed::C:198:G,0.079,-0.11991903
peak29573_Reversed::C:198:T,0.079,-0.06803663
peak29573_Reversed::C:198:C,0.079,-0.11067964
peak29573_Reversed::T:199:A,0.079,-0.13307635
peak29573_Reversed::T:199:G,0.079,-0.13662863
peak29573_Reversed::T:199:T,0.079,-0.09503308
peak29573_Reversed::T:199:C,0.079,-0.10470724
peak29573_Reversed::C:200:A,0.079,-0.16818248
peak29573_Reversed::C:200:G,0.079,-0.18022847
peak29573_Reversed::C:200:T,0.079,-0.11037594
peak29573_Reversed::C:200:C,0.079,-0.11179282
peak29573_Reversed::A:201:A,0.079,-0.108737215
peak29573_Reversed::A:201:G,0.079,-0.07833184
peak29573_Reversed::A:201:T,0.079,-0.1422449
peak29573_Reversed::A:201:C,0.079,-0.12550077
peak29573_Reversed::A:202:A,0.079,-0.12077466
peak29573_Reversed::A:202:G,0.079,-0.08644237
peak29573_Reversed::A:202:T,0.079,-0.104357794
peak29573_Reversed::A:202:C,0.079,-0.104956
peak29573_Reversed::C:203:A,0.079,-0.087660946
peak29573_Reversed::C:203:G,0.079,-0.084009096
peak29573_Reversed::C:203:T,0.079,-0.09759188
peak29573_Reversed::C:203:C,0.079,-0.11431301
peak29573_Reversed::C:204:A,0.079,-0.08598066
peak29573_Reversed::C:204:G,0.079,0.058523662
peak29573_Reversed::C:204:T,0.079,-0.097009845
peak29573_Reversed::C:204:C,0.079,-0.09718514
peak29573_Reversed::A:205:A,0.079,-0.11895099
peak29573_Reversed::A:205:G,0.079,0.019516777
peak29573_Reversed::A:205:T,0.079,-0.08756743
peak29573_Reversed::A:205:C,0.079,-0.08859596
peak29573_Reversed::T:206:A,0.079,-0.059387982
peak29573_Reversed::T:206:G,0.079,-0.10954663
peak29573_Reversed::T:206:T,0.079,-0.11525941
peak29573_Reversed::T:206:C,0.079,-0.12547876
peak29573_Reversed::T:207:A,0.079,-0.1290598
peak29573_Reversed::T:207:G,0.079,-0.06109488
peak29573_Reversed::T:207:T,0.079,-0.09503308
peak29573_Reversed::T:207:C,0.079,-0.13095173
peak29573_Reversed::A:208:A,0.079,-0.14320815
peak29573_Reversed::A:208:G,0.079,-0.10304981
peak29573_Reversed::A:208:T,0.079,-0.057919674
peak29573_Reversed::A:208:C,0.079,-0.040137403
peak29573_Reversed::T:209:A,0.079,-0.12594847
peak29573_Reversed::T:209:G,0.079,-0.092665486
peak29573_Reversed::T:209:T,0.079,-0.09796435
peak29573_Reversed::T:209:C,0.079,-0.030465445
peak29573_Reversed::A:210:A,0.079,-0.12077466
peak29573_Reversed::A:210:G,0.079,-0.08244606
peak29573_Reversed::A:210:T,0.079,-0.113257945
peak29573_Reversed::A:210:C,0.079,-0.032195896
peak29573_Reversed::A:211:A,0.079,-0.09998868
peak29573_Reversed::A:211:G,0.079,-0.1182868
peak29573_Reversed::A:211:T,0.079,-0.13405341
peak29573_Reversed::A:211:C,0.079,-0.20860407
peak29573_Reversed::C:212:A,0.079,-0.1223094
peak29573_Reversed::C:212:G,0.079,-0.021049278
peak29573_Reversed::C:212:T,0.079,-0.13402691
peak29573_Reversed::C:212:C,0.079,-0.09718514
peak29573_Reversed::C:213:A,0.079,-0.11541307
peak29573_Reversed::C:213:G,0.079,-0.07421476
peak29573_Reversed::C:213:T,0.079,-0.09252083
peak29573_Reversed::C:213:C,0.079,-0.092422344
peak29573_Reversed::C:214:A,0.079,-0.06520625
peak29573_Reversed::C:214:G,0.079,-0.07473666
peak29573_Reversed::C:214:T,0.079,-0.07799415
peak29573_Reversed::C:214:C,0.079,-0.11067964
peak29573_Reversed::C:215:A,0.079,-0.11893438
peak29573_Reversed::C:215:G,0.079,-0.09405386
peak29573_Reversed::C:215:T,0.079,-0.15377802
peak29573_Reversed::C:215:C,0.079,-0.13361453
peak29573_Reversed::A:216:A,0.079,-0.14320815
peak29573_Reversed::A:216:G,0.079,-0.13457495
peak29573_Reversed::A:216:T,0.079,-0.11380249
peak29573_Reversed::A:216:C,0.079,-0.116884336
peak29573_Reversed::T:217:A,0.079,-0.10688463
peak29573_Reversed::T:217:G,0.079,-0.09882277
peak29573_Reversed::T:217:T,0.079,-0.09796435
peak29573_Reversed::T:217:C,0.079,-0.09786091
peak29573_Reversed::T:218:A,0.079,-0.09101293
peak29573_Reversed::T:218:G,0.079,-0.10296348
peak29573_Reversed::T:218:T,0.079,-0.11398557
peak29573_Reversed::T:218:C,0.079,-0.08470612
peak29573_Reversed::G:219:A,0.079,-0.12212156
peak29573_Reversed::G:219:G,0.079,-0.108293116
peak29573_Reversed::G:219:T,0.079,-0.10905361
peak29573_Reversed::G:219:C,0.079,-0.13878928
peak29573_Reversed::C:220:A,0.079,-0.13164417
peak29573_Reversed::C:220:G,0.079,-0.038342297
peak29573_Reversed::C:220:T,0.079,-0.1509689
peak29573_Reversed::C:220:C,0.079,-0.09718514
peak29573_Reversed::G:221:A,0.079,-0.11028324
peak29573_Reversed::G:221:G,0.079,-0.1219151
peak29573_Reversed::G:221:T,0.079,-0.11266418
peak29573_Reversed::G:221:C,0.079,-0.10132856
peak29573_Reversed::T:222:A,0.079,-0.12174441
peak29573_Reversed::T:222:G,0.079,-0.13632007
peak29573_Reversed::T:222:T,0.079,-0.11525941
peak29573_Reversed::T:222:C,0.079,-0.097318344
peak29573_Reversed::G:223:A,0.079,-0.11184761
peak29573_Reversed::G:223:G,0.079,-0.10933176
peak29573_Reversed::G:223:T,0.079,-0.1054699
peak29573_Reversed::G:223:C,0.079,-0.11107625
peak29573_Reversed::A:224:A,0.079,-0.14320815
peak29573_Reversed::A:224:G,0.079,-0.1615575
peak29573_Reversed::A:224:T,0.079,-0.12920621
peak29573_Reversed::A:224:C,0.079,-0.13830402
peak29573_Reversed::A:225:A,0.079,-0.108737215
peak29573_Reversed::A:225:G,0.079,-0.10848695
peak29573_Reversed::A:225:T,0.079,-0.12326217
peak29573_Reversed::A:225:C,0.079,-0.10531896
peak29573_Reversed::C:226:A,0.079,-0.12196119
peak29573_Reversed::C:226:G,0.079,-0.12797028
peak29573_Reversed::C:226:T,0.079,-0.12316267
peak29573_Reversed::C:226:C,0.079,-0.120661065
peak29573_Reversed::C:227:A,0.079,-0.10512328
peak29573_Reversed::C:227:G,0.079,-0.106666744
peak29573_Reversed::C:227:T,0.079,-0.09654994
peak29573_Reversed::C:227:C,0.079,-0.11431301
peak29573_Reversed::G:228:A,0.079,-0.0970958
peak29573_Reversed::G:228:G,0.079,-0.06149877
peak29573_Reversed::G:228:T,0.079,-0.11225313
peak29573_Reversed::G:228:C,0.079,-0.10510379
peak29573_Reversed::A:229:A,0.079,-0.11895099
peak29573_Reversed::A:229:G,0.079,-0.12160379
peak29573_Reversed::A:229:T,0.079,-0.117308244
peak29573_Reversed::A:229:C,0.079,-0.094585665
ENSG00000123569:A:0:A,-0.523,-0.07525679
ENSG00000123569:A:0:G,-0.523,-0.05815146
ENSG00000123569:A:0:T,-0.523,-0.019321417
ENSG00000123569:A:0:C,-0.523,0.0862643
ENSG00000123569:G:1:A,-0.523,-0.024155648
ENSG00000123569:G:1:G,-0.523,0.008345699
ENSG00000123569:G:1:T,-0.523,-0.07255874
ENSG00000123569:G:1:C,-0.523,-0.015721435
ENSG00000123569:G:2:A,-0.523,-0.04713645
ENSG00000123569:G:2:G,-0.523,-0.06607918
ENSG00000123569:G:2:T,-0.523,-0.07323208
ENSG00000123569:G:2:C,-0.523,-0.08768724
ENSG00000123569:A:3:A,-0.523,-0.0022975784
ENSG00000123569:A:3:G,-0.523,-0.047321603
ENSG00000123569:A:3:T,-0.523,-0.030886332
ENSG00000123569:A:3:C,-0.523,-0.00270438
ENSG00000123569:C:4:A,-0.523,-0.09969927
ENSG00000123569:C:4:G,-0.523,-0.09341127
ENSG00000123569:C:4:T,-0.523,-0.088232875
ENSG00000123569:C:4:C,-0.523,-0.047174625
ENSG00000123569:C:5:A,-0.523,-0.06842835
ENSG00000123569:C:5:G,-0.523,-0.040049903
ENSG00000123569:C:5:T,-0.523,-0.0068361387
ENSG00000123569:C:5:C,-0.523,-0.06632868
ENSG00000123569:G:6:A,-0.523,-0.049701378
ENSG00000123569:G:6:G,-0.523,-0.012358194
ENSG00000123569:G:6:T,-0.523,-0.0548523
ENSG00000123569:G:6:C,-0.523,0.036694936
ENSG00000123569:G:7:A,-0.523,-0.08875239
ENSG00000123569:G:7:G,-0.523,-0.038817853
ENSG00000123569:G:7:T,-0.523,-0.03235904
ENSG00000123569:G:7:C,-0.523,-0.05339034
ENSG00000123569:A:8:A,-0.523,-0.07525679
ENSG00000123569:A:8:G,-0.523,-0.044951625
ENSG00000123569:A:8:T,-0.523,-0.026829096
ENSG00000123569:A:8:C,-0.523,0.06962857
ENSG00000123569:T:9:A,-0.523,-0.021068612
ENSG00000123569:T:9:G,-0.523,0.004070228
ENSG00000123569:T:9:T,-0.523,-0.10135666
ENSG00000123569:T:9:C,-0.523,-0.028923513
ENSG00000123569:C:10:A,-0.523,-0.068092965
ENSG00000123569:C:10:G,-0.523,-0.062914334
ENSG00000123569:C:10:T,-0.523,-0.030910896
ENSG00000123569:C:10:C,-0.523,-0.086970784
ENSG00000123569:A:11:A,-0.523,-0.0022975784
ENSG00000123569:A:11:G,-0.523,0.018054295
ENSG00000123569:A:11:T,-0.523,-0.024287576
ENSG00000123569:A:11:C,-0.523,0.004624717
ENSG00000123569:A:12:A,-0.523,-0.07040155
ENSG00000123569:A:12:G,-0.523,-0.095044285
ENSG00000123569:A:12:T,-0.523,-0.12233105
ENSG00000123569:A:12:C,-0.523,-0.060004137
ENSG00000123569:C:13:A,-0.523,-0.106238976
ENSG00000123569:C:13:G,-0.523,-0.045351006
ENSG00000123569:C:13:T,-0.523,-0.034759022
ENSG00000123569:C:13:C,-0.523,-0.06632868
ENSG00000123569:T:14:A,-0.523,-0.06486124
ENSG00000123569:T:14:G,-0.523,0.00502941
ENSG00000123569:T:14:T,-0.523,-0.052148663
ENSG00000123569:T:14:C,-0.523,-0.03129971
ENSG00000123569:C:15:A,-0.523,-0.06980585
ENSG00000123569:C:15:G,-0.523,-0.051122203
ENSG00000123569:C:15:T,-0.523,-0.068036705
ENSG00000123569:C:15:C,-0.523,-0.031854443
ENSG00000123569:A:16:A,-0.523,-0.07525679
ENSG00000123569:A:16:G,-0.523,0.01650995
ENSG00000123569:A:16:T,-0.523,-0.02017442
ENSG00000123569:A:16:C,-0.523,0.06163101
ENSG00000123569:T:17:A,-0.523,0.0128248725
ENSG00000123569:T:17:G,-0.523,0.021640284
ENSG00000123569:T:17:T,-0.523,-0.10135666
ENSG00000123569:T:17:C,-0.523,0.00018833764
ENSG00000123569:G:18:A,-0.523,-0.05966074
ENSG00000123569:G:18:G,-0.523,-0.06607918
ENSG00000123569:G:18:T,-0.523,-0.04178773
ENSG00000123569:G:18:C,-0.523,-0.052828334
ENSG00000123569:G:19:A,-0.523,-0.008451467
ENSG00000123569:G:19:G,-0.523,-0.04161963
ENSG00000123569:G:19:T,-0.523,-0.10183114
ENSG00000123569:G:19:C,-0.523,-0.04897982
