labels,preds
1.213,0.77699137
0.63,0.8004864
1.029,0.32596463
0.187,0.18307625
0.367,0.6033413
-1.709,-1.0490336
0.005,0.24862152
-0.712,-0.114358515
0.863,-0.37867403
0.445,-0.046147134
0.164,-0.23829484
-1.156,-0.68533427
-1.794,0.20742705
0.518,-0.107233614
-0.978,-0.32252067
1.249,1.1662769
-0.185,0.78896874
-0.517,-0.004560102
-0.794,-0.7373509
-0.713,-0.44420707
-0.73,0.5421776
1.099,0.98498863
1.276,1.1258264
-0.424,-0.06805178
-0.92,-0.91132766
-0.783,-0.6925146
-0.297,-0.7440817
1.09,1.051878
0.631,0.25809672
-0.781,-0.6247567
-0.054,0.0662186
0.563,1.0375614
1.705,1.23686
0.438,0.07932213
0.94,0.2972176
-0.077,-0.35708845
1.121,0.06881824
1.5,1.0964241
0.612,1.5070708
-1.58,-1.0475855
-1.089,-0.5869996
-0.883,-0.8623675
1.241,1.1068103
-0.415,-0.5997707
-1.16,-0.71199125
1.325,-0.2484096
-1.239,0.1752297
-0.955,-1.0643396
-0.833,-0.81067234
0.929,-0.41601416
-0.562,-0.5154603
0.863,0.32379925
-1.224,-0.6253915
-0.382,-0.33391324
1.51,0.6512669
1.75,0.19998078
-0.825,-0.5735669
2.304,1.7230716
1.083,1.4842885
-0.988,-0.36719024
0.024,0.6202813
1.05,1.3652587
-0.91,-0.9344582
0.923,0.45523936
1.005,1.1385419
-1.226,-0.5508575
-0.518,0.49875277
0.283,0.9215712
-0.062,0.11074662
-0.606,0.4597098
-0.642,-0.3153356
-0.722,0.075830474
0.678,1.2512288
-0.677,0.16781321
0.212,0.2776953
-0.961,-1.1656072
1.46,1.1883063
-0.689,0.22671568
0.982,0.67598885
0.204,0.4383917
1.07,0.41605935
1.324,1.1022446
1.549,1.3045926
-1.015,-0.87388664
0.736,0.7494765
0.735,1.1680903
-0.002,-0.48502964
0.563,1.0897627
-0.013,-0.40542448
-1.415,-0.7856243
0.017,-0.08493771
-0.493,-0.47510058
-1.385,-0.5522235
1.444,1.4101162
-1.054,-0.5746947
-0.05,0.74924016
0.123,0.32821736
-0.298,-0.112435706
-0.78,-0.82075244
1.041,1.003655
0.562,0.3841981
1.608,1.2664697
1.108,0.63446456
1.315,0.79145783
-1.035,-0.70003736
-1.232,-1.2086637
-1.089,-0.91408086
1.434,1.3011243
-0.98,-1.0237725
0.572,0.44079792
-0.316,-0.11613341
-0.61,-0.7656211
-0.659,-0.10325445
1.095,0.5373655
1.626,1.9555402
-0.825,-0.5860487
1.328,0.72059363
-0.001,-0.11104671
0.289,-0.5862128
-0.322,-0.17249246
-0.417,-0.4331171
-1.161,-0.66611046
-0.549,-0.6508535
-0.384,-0.48839867
-0.805,-0.06354261
-1.304,-0.774135
-0.76,-0.26123524
1.28,1.4817028
-0.737,0.28103715
-1.073,-0.8002344
-1.234,-0.9996998
0.565,0.56930095
0.267,-0.6548951
0.969,1.0032213
-0.838,-0.74392873
-1.096,-0.7904186
0.873,0.8687729
-1.165,0.026930481
-1.062,-1.1074753
1.485,1.2101376
0.678,0.6472434
-1.05,-0.5793096
0.212,1.0418444
-0.171,0.2612546
-0.351,-0.7931219
-1.49,-1.1557457
-0.043,-0.5342895
1.165,0.809004
-0.577,-0.8279219
0.798,0.7236802
-1.087,-0.77612966
0.747,0.30281943
-0.309,0.059752315
-0.569,-0.28190404
-1.222,-1.2727633
0.406,0.318258
0.451,-0.04934603
0.416,1.0721681
-0.744,-0.5553706
-1.341,-1.0352242
-0.501,-0.34069073
0.823,0.09733467
1.153,0.8978527
-0.873,-0.719423
0.674,0.723742
0.959,0.5130859
0.844,1.2495437
1.285,0.5707498
0.729,0.56277865
-0.017,-0.72955483
-1.013,-0.9159662
1.79,0.60447663
-0.612,-1.1240373
-1.226,-1.1669438
0.841,0.44316086
0.866,0.4692369
-0.446,-0.1456107
-0.405,-0.14691578
-0.443,-0.29298267
0.314,-0.13626379
-0.555,-0.7844267
-0.492,-0.40233886
1.743,0.7107877
0.395,0.8186334
-0.8,-0.3354788
0.5,1.565634
-1.123,-0.55063665
1.68,1.5028279
-0.384,0.1170526
0.979,0.38597432
-1.593,-1.0120678
-1.17,-1.1237085
-0.549,-0.5099477
-0.568,0.38155663
-0.856,-0.1851662
-0.143,-0.3939958
-0.147,0.57029444
-0.853,-1.2762117
0.616,-0.37536854
1.078,1.3913586
1.247,1.1610773
1.27,0.14981908
-1.405,-0.8195406
0.011,-0.3723724
0.856,0.6337835
-1.02,-1.0378823
0.639,0.5057326
-1.126,-0.5658549
-1.009,-0.02729286
-0.285,-0.6203768
0.459,0.058356017
0.364,0.27446532
-1.043,-0.60642606
-1.024,-0.41659606
-1.224,-1.002152
-0.551,-0.011584615
0.274,-0.22092062
1.188,0.958227
1.188,1.0530992
-1.119,-0.4469459
0.194,0.49518847
0.847,-0.16598591
-0.737,-0.6424348
-1.057,-0.7016435
0.849,1.0782156
0.238,0.2721007
1.205,1.1551967
0.91,0.64074165
0.776,0.847417
0.47,0.25666624
0.682,0.9314852
-0.064,-1.0332284
-0.687,-0.8443019
-0.656,0.25042593
1.079,1.0932386
1.314,-0.65326077
0.256,0.16630356
0.198,0.18596719
-0.244,-0.17909677
-1.045,-0.48977986
1.036,0.577848
0.582,0.95245034
-0.586,0.07772477
-0.264,-0.89662874
-0.759,-0.43622482
-0.207,-0.47294247
-0.573,-0.021726439
0.821,0.9606758
-0.867,-1.1447258
0.67,0.14163828
-0.513,-0.6150375
-1.344,-0.8372551
1.774,1.6518102
-1.579,-0.7842327
-0.641,-0.27966842
0.731,0.7776994
-0.53,-0.6307776
0.475,-0.5324239
-0.615,-0.3493208
0.89,1.1623397
0.783,0.01957541
-1.028,-0.67649347
0.152,0.2589419
0.338,0.43493727
-0.52,-0.27005714
0.689,-0.414661
-0.156,-0.107393056
-1.025,-1.0256138
1.507,1.5884581
-1.062,-0.69937503
1.268,0.80496055
-0.606,-0.11687071
0.284,0.12224269
1.459,-0.45730233
0.591,-0.40542632
1.19,0.28182232
-0.889,-0.30076018
1.513,0.5617122
-1.437,-0.60676944
1.199,0.9039349
-1.224,-1.0660043
0.31,-0.07263927
1.121,0.9476858
-0.538,-0.33756286
0.309,0.11317763
0.403,0.841535
-0.884,-0.6099027
-1.297,-0.7154481
1.228,0.7727683
-0.758,-0.11872612
-0.974,-0.90518564
-0.252,-0.069621176
-0.837,-0.17572866
-1.262,-1.1588593
-1.477,-1.2949626
1.534,1.4539049
0.268,0.52004766
-0.413,-0.49187386
-0.917,-0.61406547
-1.107,-0.68951565
-0.581,0.13712281
-0.249,0.4112904
-0.6,-0.66716844
1.177,0.8466066
-1.436,-0.67888457
0.907,0.5698725
-0.372,-0.63688034
0.025,-0.06594364
-0.259,-0.12643212
-0.91,-0.81687003
-0.752,-0.850275
0.88,0.4873942
-0.248,-1.0308785
1.255,1.2463281
0.838,0.5246852
-1.39,-0.8383459
-0.119,-0.061058633
-0.26,-0.57719064
1.662,1.6959126
-1.922,-1.3784416
-0.406,-0.19405097
0.107,0.43033767
1.24,1.3520813
-0.246,-0.4335487
0.295,-0.24596126
1.429,0.9082974
-0.955,-0.47559536
0.731,0.29542392
1.727,1.6442468
1.229,0.89852875
-0.59,-0.6036716
1.335,0.61183006
0.659,1.5919399
-0.318,-0.356287
0.803,1.2915146
1.144,0.88194215
0.03,0.26697886
0.597,0.6120679
-1.048,-1.3387313
0.02,0.5691032
-0.345,-0.18715455
1.324,0.3469146
-1.105,-0.53208405
0.422,0.16578262
0.07,0.14133468
0.651,0.8022278
0.12,-0.16304769
0.911,0.7760905
-0.874,-0.78901285
0.114,0.47292924
-0.693,-0.69209343
0.345,-0.41776508
-0.191,0.38402998
0.298,0.004668845
-0.403,-0.09887702
1.47,0.6654757
-1.063,-0.2783564
-1.018,-0.610418
-0.997,-1.0043
-0.962,-0.73480445
-0.418,-0.57240266
-1.388,-0.4041278
0.072,0.173014
-1.078,0.1844319
0.042,-0.4949094
2.067,1.7329128
0.898,0.7706614
1.002,1.7600126
0.745,0.28776953
-0.037,-0.5972053
-0.78,-1.0271249
-0.834,0.40454465
-1.147,-0.97199553
0.055,-0.4539522
0.55,0.8220357
0.899,1.079133
-1.025,-0.2077372
0.446,0.6183385
1.385,-0.04091245
0.875,0.89357144
1.056,0.9267583
-1.262,-1.4156618
-1.389,-0.45080128
-0.749,-1.0490887
1.365,0.910752
-0.989,-0.6434283
-0.973,-1.141365
1.098,0.08546231
-0.563,-0.2755475
-0.558,-0.69471484
-0.933,-0.26051214
1.302,1.0898056
-1.181,-0.96262324
-0.36,0.29593176
1.2,1.5147367
-1.065,-0.26698646
-0.765,-0.20791022
1.145,0.9293344
-0.436,-0.43337888
0.873,0.72326934
-1.293,-0.11551216
-0.957,-0.079551116
-0.598,-0.87258023
-0.945,-0.26530552
-1.05,-0.7419056
-0.233,-0.99308753
0.271,0.18961291
-0.539,0.11133781
0.413,1.1991704
0.987,0.5682785
0.771,-0.37087613
1.492,1.1403351
-0.68,0.17426255
0.007,-0.06575768
1.394,1.3131707
1.029,1.2410553
-0.444,-0.59558415
0.855,0.43101078
0.608,0.989968
0.806,1.290065
0.04,0.24631923
-0.704,-0.7920571
-1.092,-0.67096037
-1.695,-0.18373539
0.523,0.99586934
-0.672,-0.5007628
-0.052,-0.36387846
-0.297,-0.12830138
-0.6,-0.13580623
-1.192,-0.026771815
1.291,0.44394892
-0.638,-0.3452256
-0.559,-0.075509
0.847,0.9742081
-0.954,-0.48327333
1.468,0.2761401
-0.404,0.08690309
-0.701,0.6458429
1.626,1.1796393
-0.199,-0.6413583
0.047,0.3759479
-1.392,-0.8314969
0.556,0.20168643
-0.959,-0.29444012
-0.318,0.22746938
-0.408,-0.30149066
-0.019,-0.10967693
1.325,0.5482929
-0.158,0.06281882
-1.787,-1.2419703
0.111,0.23147118
-0.935,-0.5595489
0.381,-0.0033701975
-0.665,-0.21238586
0.022,0.3121515
0.679,0.538072
0.716,0.24944776
1.851,2.4657547
-1.01,0.033420358
0.431,-0.6220911
0.667,-0.007081734
0.746,-0.04188323
0.06,0.07114966
-0.847,-0.32024515
0.259,-0.14636222
-0.491,-0.037046954
-0.971,-0.01554785
1.049,0.5267771
-1.043,-0.92835706
-1.269,-1.249104
-0.552,-0.54637533
1.6,1.2214065
-0.965,-0.72794574
-0.193,-0.041656476
0.525,0.58863086
-0.716,-0.7982748
1.124,0.8155829
0.688,-0.53295153
-0.374,-0.2627701
-0.956,-0.34532925
-0.938,-1.002182
0.517,0.23680687
0.244,0.46783113
-0.854,-0.62384146
0.526,-0.36179966
0.989,1.1270857
-0.51,-0.57795125
-1.315,-0.8782863
-0.037,-0.29663908
1.125,1.0086458
0.383,0.35679984
-1.516,-0.7088275
1.242,1.1231849
0.065,-0.29137367
-0.454,0.44749567
-0.317,-0.84081566
0.729,-0.27635127
0.816,-0.37249818
-0.334,-0.5936556
-0.666,-0.08708171
-0.922,-0.02739791
-0.476,0.13323477
1.633,1.6703255
0.67,0.3969456
0.249,0.35711727
-0.853,-0.04219342
-1.116,-0.18469684
-1.011,-0.7758226
-0.76,0.15732592
1.09,0.23050177
0.441,0.43599036
0.067,-0.020561509
-0.743,-0.5632619
-0.793,-0.020653713
-0.185,0.1212524
0.067,-0.2008487
1.934,0.3961891
1.361,0.56343144
-0.606,-0.417131
-0.558,-0.6910849
-0.822,-0.3464167
-0.536,-0.8694994
-0.863,-0.49368042
0.729,0.6603326
-1.015,0.17020448
1.626,1.4079523
-0.53,-0.44619143
0.145,0.53298753
-0.713,-0.85347486
-0.014,-0.05920137
1.131,0.97027236
-0.185,0.180002
-1.017,-0.8588285
1.001,1.3437455
0.635,0.4339805
0.098,0.31671205
-1.063,-0.47769177
-0.046,-0.4441347
-0.477,-0.80662465
0.385,0.6662358
-1.037,-0.4540005
0.426,0.29016626
0.897,0.86549276
1.669,0.9782141
0.011,0.95130277
0.681,0.6008857
0.405,0.20863952
-0.045,0.052025035
-1.28,-0.84006864
1.367,0.6654156
-0.953,-0.9493764
-0.262,-0.29104802
-0.705,-0.23502058
-0.776,-0.1606166
-1.697,-0.7385991
-0.847,-0.37295178
-1.448,-0.2766597
-1.036,-1.0735717
0.907,1.020854
1.029,1.3781002
-1.718,-1.0478754
0.864,0.43947285
1.356,0.93193114
-0.969,-1.1081359
1.069,1.4840693
-0.161,0.062402263
-0.784,-0.7396535
1.615,1.1598437
1.351,1.1964355
-0.135,-0.12297645
-0.94,-0.053038087
1.493,1.7100222
0.132,-0.39625776
-0.231,0.08645792
0.104,0.9289609
0.069,0.44043103
-0.172,0.09979522
0.587,0.045366384
0.32,0.99672514
-0.755,-0.9776091
-0.692,-0.7811833
1.223,0.83670634
-0.358,0.51993537
-0.891,-1.0103457
1.401,1.0520396
0.451,0.7124923
0.902,1.0290594
-0.312,-0.13158348
1.278,1.0066142
0.441,0.723305
1.503,1.735043
-0.643,-0.8072557
-0.65,-0.1340873
0.911,0.11497241
1.078,0.7537068
0.017,-0.24679835
-0.92,-0.55000806
-0.82,-0.07245499
-0.742,0.19317797
-0.183,-0.30732238
-0.823,0.23635417
0.965,0.58517927
0.485,0.433438
0.915,1.6330268
1.053,0.5809248
-0.805,-0.6378481
-0.139,-0.6325541
1.053,1.009407
1.669,1.0298884
-1.004,-0.84016615
-0.013,0.271563
0.495,1.3540807
1.014,0.80728513
0.777,0.8640483
0.471,-0.3413392
-0.664,-0.8414982
1.298,0.7937482
-0.801,-0.20519441
-0.687,-0.7194899
-0.516,-0.35225746
1.753,0.919939
1.276,0.9835611
0.111,0.34902143
0.776,0.001959622
1.332,1.0277741
-0.826,-0.69893974
-0.225,-0.7412623
0.583,1.1283009
-0.868,-0.14279991
1.828,1.656707
0.39,-0.1390656
-1.212,-1.2623348
0.31,1.708179
0.745,0.09077994
0.195,-0.116682045
1.327,1.6077962
-0.312,-0.009275848
0.74,0.9537108
0.676,-0.0018678494
1.227,0.097349964
0.2,0.038186952
-0.998,-1.097296
0.032,0.052006282
0.217,-0.04466427
-0.604,-0.64210635
-0.73,-0.77606934
-0.449,-0.22642758
0.658,0.7539796
0.078,-0.32623184
0.972,1.6115961
1.314,1.3212914
-0.958,-0.715858
-0.242,-0.22274618
0.088,-0.3898167
-0.589,-0.5795136
-0.919,-0.24955103
0.715,0.2910867
0.954,0.56157863
0.274,0.7938367
-0.586,-0.25604934
-1.489,-0.44835478
0.087,0.2530558
0.246,-0.3058628
-0.793,-0.37970495
1.419,1.3757849
-0.72,-1.040324
1.188,1.4179354
-0.009,0.20838304
1.037,1.1120355
0.897,1.3628123
-1.627,-0.95362866
-0.758,-0.7543488
-0.934,-1.0646458
1.767,0.59992445
0.528,0.11569902
0.999,0.92622775
-0.787,-0.55899733
0.731,1.6571078
0.268,0.1592278
0.011,0.012379527
1.537,0.96649104
1.188,0.2440503
-0.779,-0.62263274
-0.481,-0.21223359
0.744,0.077244125
0.209,0.4168432
1.63,1.8986862
-0.655,-0.4091211
-0.787,-0.869903
-0.483,-0.2562019
0.315,-0.076885335
1.186,1.0296075
0.851,1.0941992
-0.204,0.53225833
0.303,0.8476281
-0.899,-0.44327632
-0.743,-0.6248753
-0.27,-0.26559317
0.501,0.33809364
-0.233,-0.9603824
0.776,1.0069888
0.142,0.026737891
0.094,-0.44903407
0.313,-0.071581535
0.6,-0.030403318
0.165,0.22690707
-1.647,-1.3614478
0.638,0.23329735
0.901,0.50871617
-1.577,-0.7547235
-0.699,-0.6434299
0.963,0.88492966
0.667,0.68868023
0.966,-0.54803336
-1.21,-0.87271523
-0.583,-0.40178087
1.073,1.2659407
1.559,1.4387224
1.16,0.063133955
-0.633,-0.32527754
1.386,0.5260933
0.083,-0.18487844
1.581,0.34135228
0.277,-0.46735954
0.799,1.4578655
1.322,0.6130798
-0.906,-0.6957186
-0.717,-0.92219436
-0.805,-0.38467002
0.577,0.06522909
1.222,1.5893297
0.234,0.36936677
-1.458,-0.8312076
1.153,0.11758354
-1.033,-0.6414894
-0.926,-0.04965288
0.576,1.031054
0.027,0.5866007
1.651,1.8819284
-1.392,-0.87367564
1.258,1.383492
0.756,0.3047437
-1.602,-1.0052131
-0.646,-0.53397065
-1.386,-0.47365165
-1.797,-0.5959714
-0.422,-1.1211104
0.491,0.14883246
1.325,1.0347583
0.781,0.12577665
0.481,0.29205477
-0.596,-0.4699571
-0.397,-0.3812171
0.738,0.24508476
0.794,1.074969
-0.862,-0.8121898
0.466,-0.3616525
-0.099,-0.87807167
0.548,-0.09007186
-1.019,-0.4712535
0.205,-0.8308049
1.644,0.44008517
0.311,-0.08322401
1.369,1.3991427
-0.911,-1.0996714
0.225,-0.42468768
0.308,0.39058584
-0.946,-0.32009298
-0.449,-0.4329894
1.182,0.4354452
-0.526,-0.19375433
-0.753,-0.91771704
0.142,0.121783584
0.21,0.91933435
1.434,1.1121647
0.579,0.43782467
-1.535,-0.7606969
-1.211,-0.89555174
-1.216,-1.3422444
-1.052,-0.85478187
-0.434,-0.953445
1.57,1.3411412
0.662,1.1781237
0.592,-0.40587622
-1.075,-0.68387216
-1.033,-0.7847589
1.474,1.5402889
0.337,0.08965263
1.579,1.5498517
-0.599,-0.59040004
1.312,0.349009
0.497,-0.10078019
0.622,-0.061965212
-0.587,-0.97940236
-0.595,-0.26924703
1.893,1.1386812
1.423,1.0000708
-0.062,0.0011422075
1.497,1.3646379
1.496,0.60332257
0.98,0.6396759
0.505,0.4901889
-0.353,-0.5756395
-1.593,-0.7892806
-1.008,-0.9171322
0.836,0.7927911
-0.079,0.1080049
-0.864,-0.74650085
1.551,1.5105739
0.704,0.957824
-1.031,-0.67695946
0.104,-1.015348
0.227,-0.34400585
-1.041,-0.9538461
-0.979,-0.63182586
-0.133,-0.30438378
0.707,0.34677565
1.107,0.74069893
-0.329,0.09789948
-1.147,-0.8304946
0.589,1.1782975
-0.615,-0.84477997
-0.895,-1.1398919
-1.102,0.16330339
-1.537,-0.20956504
1.233,0.9417259
0.858,0.6303478
0.647,0.14861864
0.339,0.2616619
0.654,0.51001877
-0.052,-0.3363969
-1.059,-1.052372
1.985,1.5426457
0.998,0.55005425
1.102,0.6723911
-0.57,-0.39469713
0.937,0.093335465
-0.139,0.23053467
-1.345,-0.8979105
-0.867,-0.7919924
-2.076,-0.8089791
0.124,-0.19113848
0.258,-0.55941623
0.802,1.0730352
-1.295,-0.9778369
-0.771,-0.12549475
-1.054,-0.85753673
-1.404,-0.9644668
-0.377,0.009408433
-0.803,-0.44921806
-0.713,-0.53258747
1.299,1.0406678
-0.873,-0.9698085
1.594,0.96345145
-1.403,0.39642656
0.504,-0.33466196
-0.803,-0.12735933
-0.799,-0.5215176
-0.112,0.12513724
-1.138,-1.2311032
0.341,0.36100376
-0.013,-0.7788427
0.181,0.5921144
0.952,-0.15314794
1.372,1.4950361
0.271,0.78580505
0.96,-0.1525561
0.823,1.1083274
-0.326,0.066364884
0.528,0.6743385
1.165,-0.12696363
0.732,0.081537776
-1.048,-0.13674034
0.244,0.48519534
-0.989,-0.04786382
-0.048,0.39713764
-0.299,0.74177426
-1.207,-0.7214882
-1.07,-0.6252186
-0.465,-0.016487043
-0.941,-0.5975474
0.768,0.34568185
-0.293,-0.07394133
-0.197,-0.22275776
0.309,0.87277347
-0.093,-0.5345741
0.695,0.54601467
-0.98,-0.49832806
1.368,1.0858891
-0.522,-0.39022043
1.064,0.4617594
-0.847,-0.78546995
-0.914,-0.65331906
-1.249,-0.0009228308
1.425,1.137564
-0.51,0.07206337
0.174,0.7142649
-0.617,-0.95280033
0.06,0.66608006
-0.453,-0.9792246
-0.398,-0.51253504
-0.54,-0.0369844
-0.689,-0.78189355
1.467,0.837485
1.589,1.577843
-0.944,-0.004334014
-0.703,-0.903863
0.822,0.7654385
1.8,1.3723595
-1.345,-1.0140482
-1.291,-0.8358685
-0.418,0.056021914
0.68,-0.037177913
1.025,0.72181004
1.077,0.79355043
-0.989,-0.7832505
-0.409,-0.11779626
-0.646,-0.82878166
-0.318,-0.43066287
-0.514,0.05681803
-1.283,-0.50053716
-0.421,-0.19983907
-0.732,-0.6720664
-1.23,-0.4246143
1.376,1.0353141
-0.7,-0.9568876
-1.181,-0.49246854
0.122,0.25463694
0.01,-0.010732012
-0.874,-0.20886001
-0.86,-0.5828032
0.472,0.88934165
0.409,0.62481815
1.143,0.8472652
-0.333,0.003429221
-1.236,-0.71467984
1.356,0.8083397
-1.006,-0.7177377
0.251,0.24566236
-0.593,-0.7758357
-0.567,-0.4949022
-1.223,-0.74873716
-1.252,-0.9966996
1.267,0.64647377
-1.015,-0.6733683
-0.618,0.41089723
-1.031,-0.61136866
-0.327,-0.19668515
-0.728,-1.1507065
0.061,0.54296297
-0.431,-0.100979984
0.313,-0.50570583
-0.173,0.2337533
1.626,1.8806221
-0.57,-0.34074432
1.063,-0.303208
-1.219,-1.0971634
0.159,0.660018
1.155,1.4997535
-0.109,0.43262082
1.384,1.1955457
-0.949,-0.5934456
-1.13,-0.5541215
0.146,-0.21971066
1.138,0.8201367
0.702,0.86375064
1.52,1.0481577
2.145,1.5431015
0.412,-0.95912296
0.065,0.14637744
-0.672,-0.28250855
-0.892,-0.33022106
0.641,-0.020751126
-0.779,-1.0193795
-1.253,-0.53535265
-1.154,-0.27105883
1.286,2.0047028
-1.062,-0.23702802
0.867,0.5856654
0.401,0.6737985
-0.881,-0.480063
0.534,0.92497605
0.907,0.1725904
-0.479,0.30758324
-0.554,0.26441085
-0.395,-0.025311094
-0.443,-0.19246666
-0.2,0.14010626
1.855,1.2028818
0.623,0.15193081
0.272,-0.4031704
-1.029,-0.25630757
-1.236,-1.1239204
-0.46,-0.4109563
1.218,0.92044246
0.9,1.2031791
0.074,0.07429191
1.294,0.13108063
0.345,0.016459238
1.243,1.3854468
1.467,-0.26987863
1.187,0.67113423
-1.022,0.05727583
0.144,0.07612074
0.958,0.9805381
-0.355,-0.18464398
-0.072,0.5335324
1.16,1.1091444
-0.5,0.0088762045
-0.13,-0.14576611
-1.238,-0.43407047
-0.444,-0.086004175
1.04,0.15806845
-1.586,-1.3219006
0.847,0.41731703
0.888,-0.38548005
0.89,0.75521046
0.368,1.0614173
-0.488,-0.08096704
0.976,0.54581577
-0.368,0.32843423
-0.565,0.19600719
1.272,1.0122824
1.056,1.1119878
-0.432,-0.5357618
1.977,0.94931465
-0.546,-0.07681346
-0.526,-0.15118137
1.295,0.76378113
0.774,-0.18814877
0.121,-0.23551261
2.166,0.06453319
0.147,0.31683198
0.155,0.20726275
0.723,0.8836605
-0.818,-0.63851076
-1.008,0.0029081944
-0.921,-0.65526956
-0.844,-0.8533773
-0.521,-0.23513246
0.002,-0.39370245
0.547,0.7206454
-1.348,-0.9144815
-0.83,0.064822875
-0.907,-0.5869687
0.905,1.4386787
-0.067,0.5378669
-1.093,-0.97011477
-0.731,-1.0000386
-0.917,-0.010879919
-0.957,-0.31339735
0.971,0.9265073
-0.31,-0.826109
1.071,0.6107779
-0.647,-0.9247748
0.173,0.59721583
0.403,0.2558863
-0.978,-0.0060378723
-0.519,-1.1556695
1.581,0.4182902
-0.514,-0.081750825
-0.742,-0.42378178
-1.054,-0.13339436
-1.026,-1.3663111
0.484,-0.36204052
-1.692,-0.47831476
0.098,0.6138042
-0.308,0.25800914
0.52,-0.13917458
0.628,0.19608226
0.801,0.9567285
0.532,0.9275987
-0.945,-0.5936246
-0.971,-0.7367051
-0.472,0.32371122
-1.158,-0.22142486
-0.685,-0.57064897
-0.658,-0.109011255
0.626,0.2378344
-0.805,-0.7834297
1.016,1.4763396
1.365,1.570612
-0.007,-0.41850537
0.279,0.0021356866
-1.256,-0.7008956
-0.621,-0.62021965
-1.37,-0.5185575
0.678,1.3796923
-0.986,-0.03120811
0.984,0.3965865
-0.677,-0.61502904
1.562,1.2915616
-0.143,0.15047696
0.34,0.79240614
-0.925,-0.52589756
1.089,0.18998933
-0.695,-0.75571215
-0.354,0.14176378
1.305,1.1907876
-0.481,0.12841028
-1.238,-0.07597677
-0.581,0.28928888
0.763,0.4662425
0.145,0.51470333
-0.684,-0.9787589
-1.611,-1.129535
0.196,0.39533588
-1.15,-0.88911504
-0.266,0.046450086
-1.382,-0.9054118
-0.386,-0.14041163
-1.086,0.2809548
-1.206,-0.8268551
-0.441,0.11624159
-0.628,-0.3432688
-0.77,-0.11125043
-1.016,-0.48899382
0.975,0.39082998
-0.856,-1.1641288
0.243,-0.32347834
0.084,0.60198087
1.781,1.3126795
0.773,1.3496761
-0.529,0.4064619
-0.227,0.03601747
1.242,0.19823977
-1.089,-0.50603294
0.282,0.7778072
0.473,0.729181
0.898,1.270103
-0.094,-0.34939802
-1.063,-0.86571294
0.111,0.28046942
-0.641,-0.65504867
0.813,0.32345748
-0.996,-0.32139808
-0.707,-0.7268545
1.012,0.055918388
-1.238,-1.0835006
-1.051,-0.47393936
0.347,0.32311994
-0.099,-0.13754836
0.518,0.642582
-1.124,-0.33680427
-0.929,-0.52847743
0.379,0.80792767
-1.151,-0.5647597
1.269,0.6017815
-0.751,0.6142929
0.638,0.035906527
0.516,-0.33837745
1.055,0.6058439
0.0,0.46363783
0.847,0.8206642
1.007,0.6800696
-0.502,-0.22626618
0.697,0.27411693
-1.157,-0.8185191
0.591,0.9225455
-0.427,-0.6086162
0.256,-0.032544233
1.312,0.7063822
1.066,0.53469867
-0.029,0.26515192
-0.092,-0.24713796
-0.958,-0.72587454
0.345,0.6701756
1.802,0.90789926
0.64,0.3238709
0.608,0.3012579
-0.171,0.8538071
0.899,0.8990875
-0.705,-0.53687817
-1.704,-1.1000977
-0.127,0.56197315
0.043,0.33174664
-1.408,-0.93291515
-0.629,0.2708556
-1.219,-0.8101041
-0.855,-0.8161731
-1.501,0.6906257
0.583,-0.048377473
0.289,0.73043114
-0.947,-0.40861362
-1.169,-0.78897434
-0.058,0.24009052
-0.905,-0.3496585
-0.993,-0.5565796
-0.48,-0.48922256
-1.2,-1.3323658
-0.286,-0.5450737
-0.141,0.17215544
1.245,0.61202484
-0.943,0.5437066
0.578,0.10613802
0.608,-0.765991
-0.474,-0.61957914
0.039,-0.12036868
0.412,0.25575638
-0.637,-0.641777
-0.902,-0.3545807
-0.913,-0.5814562
-0.009,-0.4978057
0.746,1.5696404
1.241,0.8873389
-0.989,-0.3871699
-0.193,0.13583195
-1.194,-0.12381467
-0.772,-0.35654068
-0.096,-0.33229202
0.559,0.64334816
-0.728,-1.3296058
-0.632,-1.15749
0.473,0.4164923
1.292,0.58467025
0.345,0.3123231
0.986,1.1930087
-1.038,-0.83722794
0.062,0.5136475
-0.787,-0.32991543
0.984,-0.0012329891
0.964,-0.008901812
-0.831,-0.08503383
-0.688,-0.16040416
0.063,0.32262674
-0.225,-0.4627757
0.29,0.71780735
-1.209,-0.5220424
0.324,0.48634154
1.394,1.1335018
0.786,1.0161173
1.308,1.1091495
-1.7,-0.58237773
-0.547,-0.11722241
0.724,0.5248178
-0.287,-0.42721075
-1.155,-0.003028173
1.208,1.6925561
-0.864,-0.985151
-0.222,0.006337475
0.969,0.97331077
0.493,-0.13693407
-0.148,-0.25051972
1.265,0.62747866
-0.98,-0.50927395
-0.683,-0.19404367
0.671,0.34099942
0.517,0.009717815
-0.401,-0.37330043
1.697,0.9849457
-0.084,-0.4981044
-0.807,0.22506756
-0.614,-1.0245287
0.228,0.39719358
-0.489,-0.47269788
-0.363,-0.3922832
1.564,0.87215424
-0.477,-0.47258306
1.039,0.5639788
-1.393,-0.3820759
-1.159,-0.5019585
1.084,1.3218784
-0.78,-0.71263
-0.535,-0.40810406
0.452,1.4554245
-0.49,-0.3519412
-1.391,-0.4119569
-0.397,-0.371631
0.364,-0.21995229
-0.573,-0.5177684
0.743,0.6162513
-0.81,-0.69270444
-0.446,-0.32321498
0.776,1.0987854
-0.958,-0.9044216
1.283,0.908226
0.131,0.45846516
1.875,1.9547529
-0.745,-0.21649149
-0.316,0.44677714
-0.066,-0.30163905
-0.963,-0.7329828
-1.285,-0.7399779
0.218,-0.05393347
-0.332,-0.79506266
1.051,0.50800794
-0.524,-0.7490093
-1.543,0.2842644
-0.469,-0.13160777
-0.418,-0.5123918
-1.133,-0.37975532
-0.206,0.22469854
0.972,0.85921055
0.583,0.12631029
-0.449,-0.63765746
-0.959,-0.82388324
0.971,1.0052502
0.856,1.2303159
0.797,0.6654877
-0.886,-0.79765064
0.473,1.7025721
-0.841,-0.27595496
-0.736,-0.8390036
0.174,0.93252236
-0.476,0.31208628
0.59,0.21546617
-0.752,-0.5618103
-0.025,-0.19241264
0.645,0.07495687
0.307,-0.019303674
-0.276,-0.6626473
0.897,0.20994222
1.76,1.3596148
0.887,0.6813943
0.049,0.21241716
-0.991,0.1272322
-0.579,-0.091000214
-1.425,-0.99382335
-1.132,-1.084599
1.23,0.85208756
1.529,0.7482665
-0.896,-0.07467445
0.24,-0.26669028
1.497,1.4884276
1.025,0.9034838
-1.512,-0.7589035
0.156,-0.07389082
-0.034,0.9605184
-0.224,0.42344725
-0.11,-0.12211692
-0.517,0.27211565
0.715,0.19040807
-1.075,-0.58643574
1.488,0.8356715
0.963,0.10242663
-0.83,-0.8163262
0.302,-0.1801855
-0.887,-0.7021987
-0.761,-0.87538
1.049,1.1777785
-0.81,-0.67433643
-1.517,-1.0941243
1.543,1.2264304
-1.578,-1.2187815
-0.137,0.3721035
0.62,0.32510486
-0.911,-0.90612215
1.039,0.6221859
-0.58,0.18922278
1.183,0.7245489
1.739,1.1710458
-1.017,-0.19685532
-1.178,-0.19564837
-0.818,0.025598206
-0.978,-0.4109745
-0.002,-0.058667347
1.006,0.84174085
1.525,0.5026166
-0.027,0.58303434
-0.335,-0.31415233
0.428,-0.49815494
0.117,-0.2704898
0.473,0.3408116
1.736,0.86572844
1.353,-0.26227227
0.723,0.40293613
-0.887,-0.7089644
-0.355,0.1737679
-0.91,-0.5211583
0.149,0.9745428
0.397,0.79715866
1.062,1.1621883
-1.021,0.018623065
0.79,0.800593
-0.047,-1.0496686
-1.181,-0.51848435
-0.238,-0.6359936
-1.263,-0.58919567
-0.138,-0.19171077
-0.177,-0.4907043
0.525,0.6014529
1.089,0.6081924
-0.619,-0.69483095
0.662,1.276665
-0.824,-0.46908945
-0.699,-0.17488497
-0.622,-0.13088962
-1.147,-0.28376397
-0.072,-0.17936425
0.456,0.73395604
-0.99,-0.043711178
-0.556,-0.35200077
-1.295,-1.0325115
-0.489,-0.63870937
0.423,0.39103356
1.525,0.54979646
0.859,1.056016
0.707,0.590002
-0.694,-0.47072875
-0.562,0.23686773
-0.579,-0.096025616
0.813,1.1257436
-1.668,-1.2617016
0.414,-0.153973
-1.145,-0.26337054
-0.758,0.07315151
1.859,1.7804208
0.619,0.30441043
-0.379,-0.3729215
-0.455,-0.6708448
-0.902,-0.9664019
0.171,0.1166352
-1.114,-1.3065739
-0.851,-0.5883507
-0.731,-0.8454408
0.176,-0.2104702
1.242,0.7741403
-0.081,-0.22353312
-1.053,-0.85388345
0.485,0.06136152
-1.594,-0.5168493
0.122,0.47479826
0.863,-0.060626067
1.005,1.6025076
0.017,-0.28338593
0.625,0.13065577
1.298,0.91592234
-0.173,-0.30359346
-0.547,-0.18268076
-0.135,-0.57021743
0.464,0.21558553
1.088,1.3250117
-0.896,-0.49872658
1.377,2.1856804
-1.375,-1.2549994
-0.039,-0.9248832
0.475,0.100916415
1.732,1.5386074
-0.664,-0.5374607
-0.044,-0.1591858
0.33,-0.16826731
0.56,0.005593218
1.272,1.2058091
1.053,1.3123684
-0.939,-0.05229739
-0.737,0.18112685
-0.257,0.7071905
0.022,-0.14502439
-0.296,-0.32710803
0.592,0.45152348
1.031,0.52465695
-0.265,0.10603565
0.001,0.2464442
1.467,0.9208595
-0.541,-0.8710249
-1.418,-0.95354396
-1.139,0.1470558
-1.48,-0.9767805
0.505,0.059322603
-1.143,-0.85646874
-0.844,-1.3163447
0.763,1.2364621
-1.352,-0.4027515
-0.796,-0.3045398
0.283,0.7105504
-0.948,-0.22209921
-0.485,-0.67928314
1.805,0.97108
-0.559,-0.14264446
-0.434,-0.47758967
1.723,0.7750451
0.509,0.2838535
-1.638,-0.7983957
1.122,0.20411061
0.616,0.5546681
-0.518,0.0574501
-0.397,-0.4285828
0.094,0.43860778
1.081,0.20399705
0.276,0.4242766
0.553,0.192597
1.038,1.0284119
0.306,-0.42043296
-1.958,-0.9784488
-1.045,-0.24187845
0.369,-0.5254922
-0.361,-0.6541385
-0.902,-0.38591993
-0.797,-0.6507383
-0.432,-0.295371
-0.52,-0.7456443
-0.353,-0.26774806
-0.577,-0.46979523
-0.227,0.37343556
0.437,-0.37962157
-0.73,-0.7667892
0.327,-0.21705362
0.886,1.1332517
0.978,1.5497563
-0.676,-0.39545345
1.497,0.9279036
1.636,0.9345942
-0.01,0.72892696
-0.829,-0.38869452
-0.245,0.1526468
-1.328,-0.49073058
-0.714,-0.47694525
0.617,0.524706
-0.525,-0.3021292
0.526,0.34709305
1.356,0.5084961
-0.192,0.1310935
0.163,1.3155773
-0.91,-0.75932926
0.839,0.051210463
0.569,0.39290893
-0.237,-0.5700865
-1.271,-0.6006232
-0.666,-0.20398512
-0.504,-0.6444786
0.135,0.27430922
1.191,1.3420885
0.933,0.896499
1.914,1.0486312
0.471,0.18826266
-0.66,-0.53647506
0.357,0.47808516
0.668,0.77904856
1.916,1.8629
0.781,-0.16426316
0.713,0.5470281
-0.477,-1.2199659
-0.443,0.038392678
-0.655,-0.61646444
-0.432,-0.4053048
0.351,-0.24488133
0.862,0.82600486
-1.419,-1.1345241
-0.712,-0.24894626
-0.054,0.3110693
0.248,0.33802658
0.178,-0.0544035
-0.759,0.21963374
0.361,0.22391617
-1.288,-0.91067237
0.496,0.2973384
1.48,0.90840805
1.238,0.6374745
0.266,1.5487759
1.078,0.48455244
0.902,-0.22709894
2.464,0.28559893
0.048,-0.407552
1.652,2.2098105
1.16,1.5164106
-1.018,-0.95504093
1.14,1.1487205
-0.306,-0.1311997
1.355,0.072312094
0.134,0.38049972
-1.389,-0.7357703
0.732,1.2577562
1.023,1.3672557
0.857,0.14317948
0.408,0.13100053
0.862,0.4135495
-0.005,-0.07719892
-0.539,-0.85204107
1.183,1.2169166
1.078,0.80568045
-0.655,-0.7943869
-1.259,-0.6378824
-0.796,-0.3347922
-0.746,-0.20950063
1.272,0.5401207
0.074,-0.057567697
-1.472,-0.46953717
-0.883,-0.40509453
1.047,0.8269463
1.122,1.5333474
-0.858,-0.4782905
-0.627,0.040281504
0.741,1.3115177
0.752,0.84463626
-0.934,-0.5558933
-0.839,-0.73477536
-0.416,-0.4494695
-0.861,-0.29233724
0.554,1.09375
1.127,0.97915834
-1.029,-0.16235833
-0.817,-0.29971108
0.728,0.7354432
-1.489,-0.6095645
-1.389,-0.80994356
-0.595,0.065901354
1.263,0.94979763
0.899,0.93318456
0.033,0.5672534
0.18,-0.39232904
-0.478,-0.8979743
0.525,0.21839179
1.296,1.5097077
-0.893,-0.7015745
-1.304,-0.36115557
-1.2,-1.2888374
0.436,-0.27419335
-0.774,-0.36027437
1.182,1.2210276
-1.995,-0.95889753
-0.063,-0.45715725
0.215,-0.5076951
-1.575,-0.63043314
1.681,1.4118321
-1.177,-0.8958632
0.042,0.58786607
1.157,1.1890554
-1.152,-0.6832288
1.025,0.93189317
-0.491,-0.28387278
-1.414,-0.69244164
1.46,0.81137985
0.965,1.2850018
-1.004,-1.0614612
-0.17,-0.42314428
1.446,1.2288721
0.486,0.5801388
-0.667,-0.716575
-0.908,-1.0361238
1.114,0.6550584
-0.631,-0.25079897
0.814,1.1566675
0.561,0.9723931
-0.886,-0.26111913
-0.801,-0.9182803
0.962,0.69068164
0.428,-0.14925705
2.77,1.8908489
0.69,1.1281824
0.101,-0.19730628
-1.058,-0.8997548
-0.294,0.661551
-0.411,-0.16488987
0.701,0.07250586
-0.982,-0.86336523
0.567,-1.0890336
0.068,0.062507406
1.999,1.5777698
-0.187,-0.29917687
-1.247,-1.1221309
0.645,0.090673596
-0.926,-0.87227803
-0.2,-1.0985391
-0.371,-0.9878843
-0.22,-0.15588647
-0.068,-0.033223927
-0.879,-0.5679227
-1.284,-0.9887303
-1.85,-1.3589749
1.882,-1.061852
1.218,0.5752391
-0.846,-0.8076741
2.03,1.3245177
-0.595,-0.29808787
-1.182,-0.32687998
0.37,0.44482797
-0.162,0.36194605
-1.19,-0.61591476
-0.011,0.075931296
-1.023,-0.59706205
0.398,0.2932788
0.988,0.48617882
-0.802,-1.0974147
0.172,-0.26990402
0.311,0.39292622
-0.873,-0.16735019
0.883,1.100688
1.331,1.25085
-0.552,-1.1923542
-0.293,0.43455178
0.651,0.9529839
-1.227,-0.7204189
0.762,0.81943196
0.008,-0.04880438
-0.168,0.22804826
-0.518,-0.3534355
-0.913,-0.86631155
-0.43,-0.95388937
-0.428,-0.77353567
0.049,0.5238654
-0.456,-0.52498865
-0.362,-0.45104283
-0.363,-0.27647543
0.895,0.09795824
0.068,-0.21384668
0.436,0.534336
-1.171,-0.90516275
0.077,0.2549431
-1.336,-0.7669086
0.006,0.6174795
0.417,-0.23258929
0.459,0.49178153
-0.353,-0.074067175
-1.269,-1.0058073
-1.229,-0.8433965
0.305,0.9222396
-0.225,-0.59555334
-0.43,-0.75682086
0.71,0.7487266
0.612,0.39545912
-0.191,0.5543751
-0.988,-0.44225866
0.694,0.9536316
-1.575,-0.45301452
0.67,0.42373377
0.65,0.7305792
0.206,0.6783839
-1.202,-0.9332827
1.024,0.9812916
0.836,1.1027448
-1.614,-1.1759846
-0.374,-0.13730365
1.031,1.1488268
1.534,0.9550565
-0.252,-0.19344786
0.336,-0.17904004
0.814,0.86569023
0.336,0.51674175
1.178,1.4739311
-0.96,-0.8155898
1.601,1.6606107
-0.685,-0.87619776
0.029,0.27981168
1.196,0.2010083
0.112,0.07472837
1.152,0.99160093
-0.819,-0.9021557
0.675,0.76773477
-0.868,-1.3904116
-1.223,-0.609176
1.007,0.4835167
-1.342,-1.1252341
-1.204,-0.46932387
-0.789,-1.0989358
-0.961,-0.2792829
-0.266,0.19886689
-0.44,-0.015007578
-1.337,-1.1114552
-1.029,-0.3227031
0.41,-0.9876846
0.994,1.0690675
-1.184,-0.49900746
-0.741,-0.6626121
-1.028,-0.6933916
1.644,1.6069317
-0.403,-0.16701351
1.585,0.73014945
-0.751,-0.73866665
-0.842,-0.50280815
0.111,1.0777609
-0.513,-0.26506498
-0.762,-0.28709388
0.159,-0.3003577
-0.593,-0.4252317
-0.308,-0.29073805
-1.706,-0.8901089
0.564,0.6445014
-1.376,-0.82522565
-1.24,0.08455895
0.484,0.8428144
-0.33,0.24996579
0.399,0.53242636
-0.792,-0.18281056
1.397,0.36353257
-0.057,-0.014869319
-0.845,-0.22562021
1.002,-0.7095749
1.327,0.98549384
-1.146,-0.8516244
1.063,1.0606256
-1.349,-0.9006147
-1.395,-1.0872421
0.393,1.1836619
-1.076,-0.7328158
-0.165,0.6162109
0.355,0.017062955
0.309,0.61054033
1.382,0.9392741
-0.873,-0.8246704
0.47,0.62030137
-0.545,0.23247346
-1.123,-0.48501045
0.199,-0.21335776
1.318,1.2484124
0.948,0.34583902
-0.75,-0.60781354
1.415,0.70252305
-0.643,-1.0721164
-0.573,-0.6734435
-0.614,0.119214356
0.651,0.22111797
0.398,0.57764435
0.862,-0.21072958
-0.803,-0.44803852
-0.076,-0.28196645
-0.371,0.08828513
0.032,0.65622383
-0.887,-1.0256779
-0.717,-0.48881584
0.752,0.8082004
-1.247,-1.2906127
-0.991,-0.7018194
-0.801,-0.44142097
-0.266,-1.2303424
-1.29,-0.7696014
-1.088,-0.5783685
0.676,1.4504428
-0.636,-0.3808745
-0.537,-0.3782535
-1.065,-0.69946986
-1.103,-0.9627064
0.184,0.99731785
1.357,0.17804019
0.818,0.7199988
-0.697,-1.0357823
-0.599,-0.4441136
-1.024,-0.48376548
0.96,1.054785
0.821,0.30740833
0.136,0.14331739
-0.423,0.009311203
-1.96,-0.599901
0.087,0.97706324
0.052,0.80520767
0.916,1.2280738
0.664,0.29592717
1.048,1.0871656
0.901,0.312651
2.303,1.2472801
0.031,-0.047672868
0.995,0.6133849
-0.34,0.3044623
-0.886,-0.5802687
0.569,0.45580184
-0.93,0.14483203
0.892,0.79884154
0.477,0.5301556
-0.42,-0.93967307
1.144,0.37786424
-0.661,0.24328002
-0.467,0.29109788
0.05,0.61352336
0.614,-0.7160997
-0.168,0.84776056
-0.728,-0.3699026
-0.815,-0.48919016
0.776,1.348707
-0.73,-0.303698
-0.869,-1.0046301
1.014,1.1375389
0.202,0.68257564
-1.016,-1.2698243
-0.919,-0.9589552
0.186,0.106470644
1.118,1.1122568
-1.241,-1.0410078
-0.593,-0.51350594
-0.122,-0.46537942
1.444,1.4791548
-1.091,-1.0089965
-0.497,0.36463693
1.602,0.16213304
-1.5,-1.4670086
0.758,-0.15922867
0.898,1.3524871
-0.785,-0.94810945
-1.144,0.49214363
-0.834,-0.7253348
-0.3,-0.11339814
1.029,0.22317187
-1.191,-1.3080428
1.356,1.5165746
-0.669,-0.12930746
0.133,0.14896679
0.562,0.45960915
-0.459,0.18726362
-1.204,-0.62448126
-0.426,0.4557875
-1.182,-1.117919
-1.253,-0.09015556
0.47,0.3452494
-0.405,-0.06414053
0.448,-0.39266634
-1.034,-0.6530114
-0.809,0.16409622
0.641,0.44857976
-0.783,-0.54361737
-0.03,-0.3582378
1.709,1.2238185
0.262,-0.1539485
-0.6,0.12408802
0.262,-0.33214074
0.741,0.5437878
-0.792,-0.7583935
0.196,0.21599501
1.313,1.3693483
2.298,1.0629945
-0.249,-0.0463064
-0.809,-0.8642571
1.084,1.0222197
-0.884,-0.3295923
1.121,0.025838837
1.3,1.620584
0.358,0.1223232
-0.498,-0.777037
0.574,0.7111086
0.539,0.70987755
-0.587,0.21934605
0.028,0.37018126
-0.723,-0.6578401
-0.43,-0.06714381
0.566,0.3918569
0.374,0.29960865
1.323,1.1890414
0.247,0.6775268
0.764,0.02343025
-0.584,-1.3821938
0.692,0.82884574
1.053,0.53784376
-0.74,-0.5238151
1.496,0.63532674
-1.256,-0.8706155
1.12,0.88190997
-0.781,-0.0642702
1.289,1.5134072
-0.112,0.32872665
-1.592,-1.4455268
-0.215,0.5330967
-0.892,-0.806084
-0.444,-0.058205076
1.225,0.55224955
0.096,0.40304023
0.62,0.89885813
-0.926,-0.6308504
-0.629,-0.19260183
0.165,-0.32593924
-0.467,-0.2206715
-0.006,-0.018212274
-0.975,-0.6271544
-1.157,-0.123251066
0.835,1.051523
-1.814,-0.61752045
-0.598,-0.44905162
1.515,1.5078089
0.129,0.54429597
-1.187,-0.63996035
-0.474,-0.026052058
0.334,0.3389385
-0.529,-0.36172915
0.825,0.16830933
0.965,0.4565006
0.91,1.0034633
0.982,0.15622383
-0.766,-1.0006709
0.902,1.2294087
-0.638,0.41598687
1.021,1.8425367
-0.591,-0.17846863
-0.804,-0.36636725
-0.2,-0.5798717
0.104,0.46976066
0.968,0.2852081
-0.622,-0.4959389
2.145,0.64902085
1.186,0.92382985
1.243,1.5229733
-0.733,0.5381938
0.219,0.0035762098
1.116,0.77109283
-1.043,-0.36870968
-0.101,0.099921495
-0.819,-0.13490495
-0.047,-0.5129115
1.525,1.219446
-0.74,-0.43305963
-1.669,-0.91067344
-0.92,-0.5248067
0.087,-0.4892143
0.381,0.7175713
0.107,0.3172696
0.987,1.0793295
0.744,0.53290933
-0.964,-0.60857934
-0.256,-0.18715602
0.662,1.0732057
0.561,1.1805251
-0.21,-0.25474292
-1.2,-0.6362957
0.32,0.1995026
0.947,0.33572817
-0.46,0.019554969
-0.281,-0.108313456
1.506,0.94039756
-0.545,-0.1439383
-0.284,0.11694807
1.029,1.4581544
0.163,0.7692372
-0.695,-0.5338625
-0.259,-0.62492484
1.667,1.1341598
1.004,0.29457965
-1.154,-0.26853845
-0.152,-0.17004216
0.327,-0.11208374
0.87,1.0577376
-0.402,-0.70903534
1.149,1.1305017
-0.79,-0.6460535
-0.721,-0.71558553
0.183,0.07995954
0.61,0.23279458
0.353,-0.020511003
-0.822,-0.77656525
1.232,0.9679018
0.896,0.22085963
0.166,0.14037009
1.263,0.7194786
0.223,1.0584574
-0.937,-0.39001775
0.621,1.4349086
-0.269,-0.25899372
-0.594,-0.4118631
1.395,0.9774863
0.502,0.3014329
-0.587,-0.30713868
-0.007,0.078110255
1.202,0.7345887
-1.107,-0.017816547
0.23,0.46905303
1.248,0.99812037
0.241,-0.505358
-0.911,-0.73210543
-1.606,-0.643275
1.087,1.2758508
-0.501,0.06493501
0.124,0.33657587
0.341,0.3271687
0.48,0.7335754
1.282,0.29504317
-1.33,-1.272016
1.249,0.9594625
-1.05,-0.4242221
-0.397,-0.4345574
0.242,-0.4426133
-0.162,0.063458875
0.993,0.42300674
-0.74,-0.29006168
-0.945,-0.73934376
-0.707,-0.9267551
-0.432,-0.8118536
0.707,0.5768272
0.364,0.17294346
0.451,0.7591413
0.665,0.09859153
0.424,0.09301333
1.191,1.1717434
-0.63,0.881505
0.517,0.41943467
-0.544,-0.13858262
-0.033,0.44225314
-1.124,-1.1728752
-0.739,-1.07413
-0.071,0.7053628
-0.691,-0.94602066
-0.253,-0.5340657
-0.787,-0.9830044
-0.892,0.068472564
-0.98,-0.49893117
-0.906,-1.1015494
0.763,0.14309832
-1.378,-0.8788344
-1.272,-0.34489167
0.602,-0.2810677
-1.341,-0.5088607
-1.531,-0.15639925
0.234,0.14392936
-1.393,-1.5192549
-1.101,-0.63829476
-0.258,-0.47621864
0.397,0.20061469
1.157,0.8768979
1.193,0.60726583
1.148,0.6476845
1.02,-0.14564848
-0.782,-0.4956474
-0.518,0.67559534
0.501,0.61198527
0.528,1.0426686
0.789,0.72290534
0.082,-0.46616036
-0.384,-0.8615852
-0.426,0.3563708
-0.766,-0.9319924
0.433,-0.22361696
0.104,-0.4968655
1.151,0.75217223
-0.903,-0.6351423
-0.799,-0.06761748
-0.102,0.41823915
0.984,0.5220674
-0.964,-0.043698736
-0.381,-0.18970777
1.25,1.0933521
-1.188,-0.25311953
-0.871,-0.4614726
-1.05,-0.90229064
-0.702,0.056131072
0.541,-0.04651581
0.159,0.09421572
-0.912,-0.23730831
1.197,1.4597609
1.679,1.7395885
-0.02,0.45921913
0.9,0.7666116
0.239,0.30803904
-1.105,-0.2746147
1.022,1.2397673
-0.868,-0.34177104
0.064,-0.3953062
0.711,0.7743843
-1.215,-0.7644817
-0.274,-0.39001003
1.345,0.78519815
-0.479,-0.47592312
-1.264,-0.47777462
0.941,0.6386867
0.947,0.19443238
1.054,1.7009373
-0.071,-0.42373115
0.499,0.9713616
-0.999,-0.8272155
0.064,0.6340127
-1.315,0.07399596
-0.941,-0.19795056
-0.199,-0.49303597
0.017,0.6858091
0.143,0.37050736
1.539,0.49996036
0.47,0.6681101
0.47,0.12444234
1.368,1.4466124
0.084,0.5266661
-0.732,-1.0073947
-0.557,-0.8214281
1.416,1.169852
0.249,0.15401638
-0.833,-0.15174063
-0.337,-0.546992
-1.016,-0.9265526
-0.741,-0.71952385
0.883,0.7684899
-1.883,-0.644865
1.087,1.8576748
-1.356,-0.91953003
-0.951,-0.60204166
0.945,1.0390811
1.09,0.30630392
1.082,1.102108
1.425,1.9062006
0.802,1.3710525
1.604,1.3166542
0.097,0.19193438
1.281,0.6113306
1.346,0.69190615
1.283,1.6484146
1.23,0.9392208
0.026,0.96220994
-0.799,-0.68043727
-0.661,-0.39508557
0.883,1.2428617
-0.988,-0.6367916
-1.187,-0.83835787
-0.741,0.58873004
1.566,0.78427774
-1.092,-0.0024580173
0.95,1.1838641
0.037,0.006776836
-0.982,-1.5015361
-0.819,-0.25022677
0.721,0.54006463
-0.731,0.15532488
1.193,0.96132755
-0.698,-0.5255712
-1.274,-0.69015676
-0.103,-0.20462234
0.201,0.49234152
1.001,1.7546465
-0.62,-0.39324248
0.414,-0.6796296
-1.043,-0.6074074
0.455,-0.26936454
-0.256,0.18047595
-0.423,0.5233637
0.792,0.13323641
0.538,-0.0039291233
1.067,1.5811193
1.138,0.7639214
0.232,0.21754254
-0.717,-0.69376993
-0.429,-0.8152488
-0.946,0.3344262
1.402,0.86082107
0.54,0.04950378
0.284,-0.24374476
1.697,1.3844962
0.599,0.5280986
-0.266,0.6348756
-0.599,-0.4384364
1.135,0.5566432
0.257,0.29029095
-0.61,-1.2123225
0.373,-0.13846742
0.405,0.2536813
-0.756,-0.2148394
0.495,0.97351915
0.13,0.52477103
-0.208,-0.27249965
-0.305,-0.7713476
-1.064,-0.8970783
-0.095,-0.093485154
-0.106,0.21555829
1.249,1.3008032
1.399,0.98251325
-0.358,0.3119006
-0.898,0.29149598
-0.567,-0.5276362
-1.128,-1.3200366
0.533,0.6226025
-1.446,-0.46056104
-0.354,-0.08147637
1.355,1.7605023
-0.695,-0.47266918
-0.711,-0.10814622
-0.929,-0.2960183
0.924,1.1710858
-0.752,-0.5881118
-0.382,-0.34172612
-1.267,-0.46383712
1.09,1.0083461
-0.765,0.12543616
1.143,1.0791836
-0.967,-1.0787041
-1.024,-0.47580796
-1.325,-1.5410182
-0.775,-0.37391382
1.076,0.99004644
-0.753,-0.25708082
-0.89,-1.0931451
-1.101,-0.6806714
-0.776,-0.07061455
0.373,0.16128919
1.224,1.4828687
0.575,1.3810701
-1.021,-0.9227709
-0.454,0.36632288
0.217,-0.650463
-0.689,-0.072879225
0.859,1.005924
0.547,0.7720093
0.452,0.3695815
-1.092,-0.6599199
-0.593,-0.35825843
1.396,0.98706716
1.109,0.49841285
-0.684,0.13173397
-0.706,-0.5165701
1.516,1.6749253
-1.398,-0.4088605
-0.13,-0.063187756
0.242,0.10886392
0.709,0.16983111
-1.166,-0.79207414
0.686,-0.20632738
1.041,1.1215835
0.463,0.5726749
-0.988,-0.80250067
-0.655,-0.7115416
-0.152,-0.080519214
0.402,0.56917495
0.546,0.54427063
-0.46,0.16636279
1.436,0.38759303
-0.562,-0.4061156
-0.323,-0.19798651
0.353,-0.18622456
-1.042,-1.2716732
-1.025,-1.1440184
-1.347,-0.83881754
0.127,0.27797264
0.925,-0.21362562
1.381,0.9426015
0.325,0.33910444
-0.41,-0.21329911
0.697,1.2601922
-1.26,-0.8046543
-0.977,-0.58676565
-1.115,-0.8179408
-1.229,-1.3801556
-0.983,-0.9888508
0.878,0.013800625
1.739,0.6878749
-0.826,-0.36444026
-1.223,-0.35308313
-0.405,-0.2922668
0.165,-0.22204758
1.701,0.30275726
0.308,-0.026608113
0.441,0.25809568
-1.638,-0.36545864
0.249,0.95408624
-1.073,-0.44455224
1.455,0.92229843
-0.147,0.028079085
0.522,0.40423626
-1.249,-0.40643921
1.095,0.6805176
-0.734,-0.72344023
0.936,0.8017311
0.932,1.5923598
0.123,-0.9757505
0.642,0.36375067
0.417,-0.17407942
0.699,0.2572685
0.008,0.6225175
-1.012,-0.47507104
0.413,1.1475778
-0.801,-0.54248255
0.017,-0.16460638
0.246,-0.28829056
-1.316,-0.50815403
-0.048,-0.37942716
1.171,0.7499617
0.703,0.28508282
0.863,0.34038728
-0.946,-0.3866436
1.379,1.7095313
0.461,0.29239112
0.699,-0.25805676
1.586,0.474199
-0.481,-0.24229637
-0.717,-0.96576506
-0.361,-0.16311249
1.558,1.3266773
-0.958,-0.37094975
-0.758,0.4551993
-0.233,-0.31941324
0.805,0.21094753
-0.787,-0.08749705
0.905,0.101825684
0.813,0.6948338
1.236,1.227989
0.687,0.58191746
-0.136,0.62483805
-1.238,-0.2729972
0.734,0.5273361
1.028,0.15589345
-0.796,0.08469285
-1.332,-1.0172622
-0.32,-0.58857024
1.093,0.7385332
0.125,-0.7668894
-0.586,-0.089295015
0.651,0.982359
-0.968,-0.9897328
0.916,1.5710301
-0.56,-0.46849132
-0.696,-0.5959024
-0.368,-0.23402193
1.197,0.57724774
1.409,1.5629323
-0.981,-1.2567699
1.393,1.1128166
1.244,1.0120661
-0.981,-0.7120318
-1.99,-0.10299373
-1.241,-0.72711486
-0.199,-0.49872744
1.371,1.4615953
1.444,1.4324121
-0.213,0.07077285
1.158,0.99817795
1.579,0.79154557
-1.722,-0.7852815
0.396,0.32600504
-1.086,-0.65832406
-1.167,-1.2438581
1.678,1.5837853
0.401,-0.11217953
-0.632,-0.49449086
-1.433,-0.91339535
2.264,0.9797825
1.254,0.05760684
-0.773,-0.6360786
0.44,0.5937372
-1.183,-0.71001995
-0.38,-0.29452658
-0.442,0.5528373
-1.142,-0.46572983
0.916,0.858272
-0.339,-0.4807439
-0.386,-0.048239864
-0.101,-0.048183423
0.194,0.14873694
-0.197,0.037884355
0.887,1.156657
-1.288,-1.4139204
0.794,0.8184336
0.436,0.16557226
-0.228,-0.22048464
-1.07,-0.72895914
0.799,0.25313544
0.945,0.21090958
1.72,1.0356908
0.926,1.003149
1.731,1.5543323
0.484,0.64312786
0.324,0.32592505
0.477,-0.03976719
-1.48,-1.1023107
-1.255,-0.566815
0.404,0.113568455
-1.437,-1.0271895
-0.662,0.21934593
0.558,0.56930083
-0.918,0.5010591
0.192,0.11640012
-0.422,-0.712972
0.848,0.91506135
0.483,-0.22854817
0.924,1.321305
0.367,0.74960154
0.862,0.7980231
0.041,-0.28780887
-0.777,-0.77174294
1.447,0.3507526
0.614,0.0034124851
-0.9,-0.17711031
0.771,-0.10973091
-0.6,-0.93449396
0.743,0.48675936
-0.8,0.2094488
-0.421,-0.1667572
0.325,0.7102201
-0.821,-0.31800234
-0.515,-0.014333023
-0.613,-0.7459963
0.587,0.8164112
-0.887,-0.34870145
1.029,0.50780237
0.716,0.36280864
-0.842,-0.96719366
1.556,2.1931984
-0.651,-0.561637
0.727,0.54126245
-1.388,-0.30156597
-0.753,0.6422618
-0.051,0.050885305
-1.551,-0.79286665
0.179,0.113270625
2.472,1.5269489
-0.459,-0.5416951
-0.312,0.3348024
-1.201,-1.2226138
-1.426,-0.91146654
-1.253,-0.7822868
-0.44,-0.42700103
-0.99,-0.66685325
1.311,0.67041326
0.526,-0.37484455
-0.421,-0.28633648
-1.15,-0.20412415
1.26,0.32770547
0.293,0.09584375
-0.455,0.017229676
0.927,0.008285534
-0.925,-0.7570526
-0.234,0.4567252
-0.251,0.30850148
-1.047,-0.2529206
0.035,-0.42107674
-0.807,-0.8810002
-0.93,-0.4648626
-1.013,-0.38005918
-0.13,0.6342026
-1.508,-0.62899476
-0.838,-0.92582655
-1.507,0.03877403
0.634,0.47182435
-1.203,-0.6628757
-0.944,-0.1747773
1.707,0.4007421
-0.477,-0.293216
-0.603,-0.6444619
0.037,0.7797914
0.592,0.36964297
-0.231,0.24224657
-0.018,-0.24664417
-0.548,-0.1086191
1.29,1.16797
-0.202,-0.021011818
0.299,1.0564888
0.651,0.39682078
-0.541,-0.965657
0.518,0.70336163
-0.693,-0.21920463
-0.543,-0.26244
0.859,1.0027606
-0.599,-0.6956299
-0.199,-0.02569626
0.593,0.9107298
1.199,1.2859218
-0.897,-0.096667744
-1.659,-0.30513018
-2.219,-0.48877895
-0.458,-0.38864508
0.959,1.2990413
-0.038,1.1197467
0.501,1.2943518
0.801,0.71842617
0.29,0.2552824
-0.163,-0.49916765
-1.115,-0.77177227
0.097,-0.08949412
1.318,1.0612054
-0.883,-0.85574067
-1.227,-0.49189612
-1.229,-0.1511805
0.645,0.8580649
-0.745,-0.6266394
-0.975,-0.71994185
-0.254,-0.6607873
-0.638,-0.26117733
-0.816,-0.62281054
-0.992,-0.021872716
-1.071,-0.58927566
1.569,2.0581934
-1.023,-0.5325189
0.752,0.090269804
-0.911,-0.7784025
1.209,1.7326462
0.439,0.34693137
0.059,0.6567706
-0.557,-0.045979526
0.736,1.5393882
-0.434,-0.5086299
0.165,0.16530037
1.372,1.9911189
-1.125,0.14605449
-1.171,-0.74154335
1.571,1.5272963
0.079,-0.48184544
-1.086,-0.6889816
-0.301,-0.24231228
1.367,0.51262987
-1.005,-0.8393171
1.266,0.6111066
0.882,0.40425393
0.121,0.27560407
1.327,2.0457933
0.038,-0.0052016396
-0.326,-0.50485075
-0.339,0.03953699
0.736,0.41078046
1.22,0.66808885
-0.655,-0.5946353
-1.527,0.10613026
-1.289,-0.69710606
-1.43,-1.3120389
-0.645,-0.63068527
-0.061,0.46274316
0.135,0.38422298
1.942,1.4298868
0.995,0.9807851
-0.853,-0.58324796
-0.106,0.49142343
0.405,0.044818178
-0.872,-0.27473044
0.801,0.23634776
-1.128,-0.40381187
-0.567,-0.36185062
0.878,1.040204
-1.007,-0.44677654
0.675,0.34278423
0.377,0.9487506
-0.559,-0.9524115
0.955,1.7434337
-0.746,-0.5461934
-0.865,-0.4037613
-0.949,-0.1948216
-0.837,-0.6056404
-0.576,-1.1617827
-0.125,-0.032416668
-0.809,-0.33982766
1.122,0.9323743
-0.567,-0.80951935
1.214,1.5849957
-0.504,0.50792533
-0.697,-0.6474193
0.507,0.036233805
1.675,1.180479
-1.116,-0.7414449
0.539,-0.12001471
-0.594,-0.30207562
-0.022,0.022025503
-0.006,-0.14153752
-0.749,-0.26399046
-1.419,-0.506093
0.458,-0.24008206
1.992,1.6534004
1.48,1.4748757
-0.95,-0.63586277
-0.657,-0.516672
0.514,0.78262526
-0.205,0.46681273
1.279,-0.35472968
-1.041,-0.43732125
-0.463,-0.35127687
0.593,-0.18783012
0.4,0.8713787
0.759,1.2636201
-0.461,-0.95350397
-0.392,-0.466537
-0.895,-0.8514014
-0.852,-0.7452659
-0.426,-0.3056995
-1.026,-0.5551273
1.449,0.99607724
0.623,0.50013953
1.287,0.86322105
-0.157,-0.031338997
0.487,0.5949765
-0.065,-0.53696746
1.078,0.938313
0.431,1.1578655
0.242,0.60165113
-0.912,-0.091673344
1.158,1.1897242
0.295,0.36548
-0.901,0.41340166
-0.249,-0.5821968
-0.543,-0.22274373
-0.356,0.17955105
1.022,0.4404571
1.517,0.9309241
0.134,0.13504136
1.243,1.403897
-0.884,0.16115348
-0.307,0.40994108
0.608,0.30080867
0.475,0.61554605
-0.81,0.17567603
0.736,1.4586558
-1.071,-0.49039918
1.538,1.071887
-1.167,-0.9166894
-0.926,-0.657629
-0.567,-0.6021557
-0.061,-0.3453031
1.231,0.7784026
-1.539,-0.7284152
-0.096,-0.16294695
0.915,1.3693342
1.417,1.0463188
-1.509,-0.86873466
-1.176,-1.1317282
0.196,1.1264739
-0.55,0.07503128
-0.851,-0.9771995
0.227,0.56083304
0.303,0.34096283
1.347,1.1537299
-0.688,-0.37824792
-0.186,0.18559217
-0.571,-0.24132894
-0.837,-0.5783084
-0.321,1.3197672
0.051,0.17547429
0.453,1.1427014
-0.497,-0.6606532
-0.621,-0.08244701
1.375,1.2618468
0.024,-0.21060023
1.15,1.4526577
0.696,0.79207
0.164,0.008543901
1.028,0.4352671
-0.863,-0.8114921
-0.545,-0.38308254
0.358,0.33728504
0.546,0.51602095
-0.753,-0.116394304
-1.562,-0.6011129
0.664,0.30446482
-0.53,-0.1441197
1.291,1.141109
1.019,1.2074025
0.906,1.8495326
0.33,0.639931
-0.939,-1.2872162
-0.079,0.49879605
-0.299,-0.086390674
1.174,1.1342795
0.471,0.4373724
-0.842,-0.53175217
-0.414,-0.27263945
-0.539,0.22498685
-0.5,-0.20862794
1.02,0.5963413
-0.11,-0.31871998
0.268,1.3283086
1.556,0.024806507
0.187,0.45254537
-1.194,-0.56148547
0.891,0.5432697
-0.294,-0.23517977
-0.74,0.84791917
1.466,0.7544996
0.842,0.68704194
0.993,0.6122375
-0.869,-0.9883432
-0.443,0.026049234
-0.205,-0.40071523
0.263,-0.046645053
0.81,0.70080155
0.977,1.1004229
0.38,0.08435116
-0.556,-0.33277383
0.671,0.040750876
0.58,0.88972723
-0.948,-0.7884422
-0.809,-0.3287211
-0.992,0.3407385
-1.293,-0.2464388
1.419,0.6551108
-0.574,-0.51745975
2.344,1.2049959
0.44,1.4691336
1.286,0.0893379
0.918,0.013868891
-1.645,-1.1907997
1.41,1.1414449
0.817,0.40875515
-0.039,-0.2891028
-0.384,-0.45238099
-1.136,-0.61241645
1.077,0.85513014
-0.595,-0.30300337
-0.264,-0.2403704
-1.489,-0.6367932
-0.021,0.47945577
0.578,0.13110596
0.714,0.04373654
1.236,1.3667617
-0.987,-0.121808425
-0.147,0.94095314
-0.512,-0.40836138
-0.896,-0.099596865
-0.316,-0.32386446
0.356,0.082728714
1.225,1.3841832
-1.252,-1.3732874
1.065,1.1351817
-1.302,-0.68728715
-1.3,-0.31957307
-0.55,-0.4503955
0.279,0.029234085
-1.571,-1.1924348
-0.944,0.10684624
0.826,0.29654902
1.396,0.7207677
0.741,-0.26717797
0.959,0.2918333
1.259,0.7547398
-0.521,0.027727958
-0.791,0.25250244
0.438,0.58731085
-0.391,0.3178789
0.663,-0.10612449
1.139,0.62597674
-0.829,-0.18507488
1.489,1.6301568
0.926,0.85041445
0.163,1.1021609
0.447,0.2788369
-1.017,-0.37788016
-0.317,-0.68719214
0.112,0.20366691
-1.049,-0.55071104
-0.398,-0.3277444
1.134,1.5952044
0.397,0.32029754
0.944,1.0032852
0.09,0.29638982
0.171,0.045817345
-1.815,-0.74523
1.834,1.151609
-0.153,-0.31511647
0.001,0.46007788
1.236,1.2099152
-0.642,-0.31181476
0.295,0.008281015
-1.178,-0.8411291
1.263,1.1611824
-0.967,-0.037795883
1.056,0.821068
-0.883,-0.7594519
0.197,0.23758316
0.418,0.32701695
-0.167,-0.6999223
-0.07,-0.028411072
0.156,0.2792735
0.475,-0.3796332
-1.645,-0.11247043
0.755,0.29022008
-0.243,-0.21153364
1.175,0.82368
1.267,1.722039
1.299,0.02480004
-0.949,-0.8507852
0.091,0.49173707
0.742,0.23735136
1.75,1.8365295
0.521,0.017033495
-0.666,0.0020342544
-0.85,-0.6196131
-1.315,-0.6219046
0.631,0.5972224
1.168,0.89821905
0.327,0.41548055
2.309,0.6003031
-0.547,-0.19761685
0.728,0.016900558
0.746,1.2929032
0.371,-0.29294077
0.965,0.7206528
-0.772,-1.1606481
0.366,0.28629014
0.02,0.040890023
-1.143,-0.043164182
0.771,0.13094237
0.668,0.07867272
-0.739,-0.07022571
-0.937,-0.701304
1.34,1.1320403
-0.409,-0.52209795
1.439,1.1282167
1.419,1.1272812
-0.84,-1.0889175
0.655,1.2469935
-1.26,-0.7890781
0.709,0.8891523
0.272,0.59765035
-0.883,-0.55213326
-0.434,0.29400033
0.301,-0.36701858
-1.395,-0.7820441
2.189,0.9320281
1.499,1.4572017
0.755,0.91508085
-1.068,-0.495717
-1.519,-0.09072724
-0.248,-0.057153374
1.123,1.0822303
-0.886,-0.21856552
-0.854,-0.22057742
1.441,1.4747701
-0.651,-0.759389
-0.37,0.22701761
-0.668,-0.35352117
0.774,0.72551244
1.198,1.0214865
1.497,1.4891949
-1.666,-0.43738365
1.08,1.2203689
-0.817,-1.2156188
0.244,0.96595925
0.428,0.25408155
0.823,-0.2384048
0.536,1.0075138
-1.627,-0.7095569
-1.546,-0.6390107
1.557,1.8721795
0.373,0.038359836
1.093,0.09459206
1.011,0.17413051
1.154,0.6305662
0.871,1.6074286
0.519,0.2764994
-0.642,0.098486565
1.903,0.05387062
0.204,-0.2688424
-0.893,-0.47981817
-0.413,-0.59073406
0.022,0.843571
-1.234,-0.5508439
-0.769,-0.7245265
1.248,1.3065543
0.033,0.7436225
1.336,1.3350515
0.196,-0.21005216
1.562,1.5762637
-1.537,-0.32855827
-1.354,-1.1461625
0.741,0.60990167
-1.241,-0.8082904
-0.836,-0.16819155
0.497,0.32745636
-0.62,-0.1402097
-0.078,-0.36318755
-0.119,0.2002368
-0.21,-0.15466633
1.276,1.4189465
0.146,0.43076983
-0.471,-0.04033432
1.561,1.3109274
-0.898,-0.7860662
0.581,0.44313493
0.591,0.09482615
-0.766,-0.44198835
-1.033,-0.17867982
-0.215,-0.12688579
-1.434,-0.13862266
-0.907,-0.8901258
0.728,0.79178125
0.067,0.31743163
1.353,0.3827743
-1.382,-0.16732098
0.512,0.4445781
0.412,0.4047997
0.763,0.5242931
-1.565,-1.0325034
0.707,1.2252908
-0.86,-0.9172527
-0.277,-0.50866413
1.181,1.0298569
-0.413,-0.27372423
1.241,1.0213852
-0.1,0.18483792
0.697,0.67596775
0.834,-0.14643843
-0.24,-0.5036447
-0.854,-0.38174117
-0.752,-1.0272844
-0.654,0.27639884
-0.327,-0.18989931
0.382,1.2601545
-1.32,-0.92846674
1.002,0.7459367
1.219,1.0411229
-0.493,-0.2890408
-1.871,-1.3192973
0.952,0.39428416
-0.634,-0.8292286
-0.424,-0.1648436
-1.994,-0.90517
0.81,0.5320851
-1.899,-0.89672357
-1.736,-1.2112098
-0.388,-0.56326604
0.09,-0.33341742
-0.921,-0.62580866
-0.795,-0.8265263
-0.315,-0.5560358
-0.486,-0.3142588
1.0,0.3368397
-1.09,0.80479366
-0.477,0.028423302
-0.833,0.27489644
-0.791,-0.5821233
-0.125,-0.06722186
0.847,1.1388564
1.12,0.82308847
-0.655,-0.22279844
1.868,1.6226804
1.588,1.5391908
-1.613,-0.87817377
0.73,0.118761614
0.976,0.11245769
1.106,0.17661668
-0.143,1.1967442
0.432,-0.74845
-0.419,-0.8813698
1.56,-0.110833794
-0.652,-0.93128264
0.874,0.4623846
-0.741,-0.4344101
-0.698,-0.7030534
0.706,1.1476667
-0.49,-0.6302765
0.824,1.2584102
-0.633,-0.50790405
-1.321,-0.7180099
-1.194,-0.18449172
-0.995,-0.71631855
0.858,1.5595801
-0.092,-0.86725634
0.625,0.36835518
1.527,1.4973178
-0.942,-0.17900077
2.124,-0.5832648
-0.841,-0.8567115
-0.685,-0.29599252
-0.641,-0.7226701
0.55,-0.010634802
0.831,0.4778641
-1.006,-0.13926095
0.151,0.41042817
-0.989,-0.9808228
1.391,0.8709708
0.632,1.0076048
-1.353,-1.3012578
-0.74,-0.79927623
0.636,1.0098712
0.011,-0.07905126
-0.866,-0.7205973
-0.899,-0.46357793
0.735,0.42815548
-0.649,-0.57955354
0.819,0.37958303
-1.175,-0.5962752
0.408,0.71960884
0.749,0.27749372
1.587,1.1842597
-1.176,-0.90040976
-1.373,-1.2298632
-0.899,-1.2195451
-0.745,-0.26903677
0.674,1.2850573
0.916,0.6172844
-0.982,-0.6130794
-0.303,0.26029736
0.221,-0.5213276
0.808,1.4880505
0.585,-0.10114959
0.111,-0.6692979
1.241,1.0791707
-0.753,-0.40127572
-0.698,0.8315179
1.746,0.2988398
0.415,0.3657369
-0.981,0.021724168
0.742,-0.39598107
-1.255,-1.1257732
-0.582,-0.62462837
-1.25,-0.81209296
-0.491,-1.0796301
-1.815,-1.2485332
-0.809,-0.6175948
-1.106,-0.91195965
-1.349,-0.5841604
-0.415,0.3023912
-0.396,-0.2712676
1.483,1.2389357
-1.036,-1.0886152
1.345,1.130435
-0.318,-0.7109477
-0.877,-0.71900713
-0.601,-0.20053232
-0.931,-0.4865366
-0.493,0.7994994
-0.838,0.12370741
-1.096,-0.6233721
-0.636,-0.9991938
-0.511,-0.34039512
-0.02,-0.3534642
-1.316,-0.81377393
-0.511,-0.7403037
1.283,1.6965945
1.345,0.42796046
0.895,1.4421551
0.907,0.304582
1.656,1.6826363
-0.492,-0.22961104
-1.613,-0.8985347
-1.185,-0.6766204
0.11,-0.14772001
-1.659,-0.519928
-0.896,-0.7622407
-0.875,-0.5628839
-1.086,-0.34274918
-0.569,0.5430359
0.691,0.29894155
0.654,1.1960897
-0.342,0.1630314
-0.928,-0.26298317
-1.157,-1.2529688
0.179,0.09555082
0.761,0.15143907
-0.833,-0.7255019
-1.128,-0.9314432
-1.589,-0.45252553
-0.605,0.11546457
1.187,0.49221396
-1.089,-0.36007094
0.913,0.4946273
1.535,0.9613839
0.425,-0.03281466
-0.224,0.38037947
-0.383,0.08940852
-0.206,-0.04489095
0.704,0.7675857
0.758,0.27861306
1.129,1.2452207
-0.211,0.5400881
1.476,0.6187977
0.385,0.8564856
-1.347,-0.8107495
-1.011,-0.89875704
-0.334,-0.74324316
0.786,0.77499205
1.239,0.63624847
-0.097,0.0760684
1.556,0.84955865
1.133,1.3092837
-1.621,-0.9930678
-1.48,-0.9753866
0.764,0.822414
-1.479,-0.9600105
0.576,0.96189326
0.207,-0.02700328
-0.997,0.20043974
0.4,0.5664155
1.501,1.815228
0.92,-0.4012146
-0.796,-1.2483611
0.321,-0.3189423
1.366,1.1066506
1.062,1.0684438
1.258,1.1549351
-0.481,-0.61469024
-0.878,0.09634681
1.012,1.2890811
-1.416,-0.6317677
-1.125,-1.3507981
0.689,1.1090467
1.498,0.9202418
-1.099,-0.4092713
-0.21,0.07732831
0.244,-0.50766456
-0.278,-0.14213315
-1.078,-0.6492587
1.153,-0.400967
-0.609,-0.61272174
-0.228,0.21127148
0.474,0.844973
-0.595,0.12417278
-0.816,-0.11348449
-0.946,0.26024345
0.335,0.30180418
-1.323,-0.25151765
-1.071,-0.07858805
0.295,0.0055760182
-0.697,-0.30696476
-1.7,-1.1862698
-0.218,0.00914539
-1.414,-0.9593284
-0.94,-0.22266576
-0.717,-0.6003943
-0.864,-0.54244775
-0.445,-0.5614528
0.331,0.24211279
-0.963,-0.6811225
0.978,0.21953681
-0.056,0.17653011
-1.131,-0.632433
-0.616,-0.92211866
-0.71,-1.4839876
-1.12,-0.5811427
1.435,1.7110584
-0.693,0.21366556
0.65,0.5102141
-1.048,-1.2014151
-0.836,-0.10302204
-0.41,-0.69101125
0.945,0.53269136
1.059,1.4847379
-0.465,-0.69776756
-0.361,-0.47184712
-0.945,-0.75552917
-1.163,-0.14207894
0.454,-0.5598418
0.082,0.06796491
0.44,0.43675536
1.344,2.0531807
-0.596,-0.69357014
0.721,0.95077646
0.083,-0.24879362
1.117,1.4099765
0.192,-0.08836366
0.257,0.3148791
-0.368,-0.8027782
1.094,1.474005
-1.436,-1.0068009
-0.182,0.33156812
0.312,-0.10915809
0.925,-0.15627694
0.655,-0.12949352
-0.302,-0.7550995
0.561,0.42999393
-1.025,-0.7102962
-0.731,0.84666187
0.134,-0.29353645
-0.639,-0.59789675
0.064,-0.24223256
-1.633,-0.5282652
-0.804,-0.86863476
0.997,1.6779578
-0.633,-0.3464898
1.402,1.1371202
0.274,-0.60976535
-1.121,-0.6618775
-1.151,-0.87045974
0.738,0.8909263
1.499,1.5521946
1.267,0.947175
-0.054,0.37593484
-0.991,-1.0718246
0.19,0.67247415
-1.286,-0.37902278
1.72,1.4315853
0.367,0.93782014
-0.503,-0.6897698
-0.896,-0.5200498
-0.515,-0.03481009
-0.889,-0.044575974
1.072,0.20584674
-0.889,-0.45926476
-1.903,-0.37038064
-1.433,-0.0957283
-0.733,-0.8599464
-0.627,-1.1428335
0.044,0.37519374
-1.037,-0.81069833
1.353,0.9707621
-0.993,-0.6699647
-0.902,-0.33434922
-1.033,-0.7075805
-0.575,-0.5336444
-0.943,-0.8980726
-1.5,-0.60858065
0.534,-0.3717736
-1.306,-1.0440757
0.53,0.3689647
0.828,0.88360184
-0.311,-0.2390901
-1.596,-0.338637
-0.95,-0.9725501
1.039,1.4067702
0.575,0.15161899
0.573,0.23478541
1.331,1.1926086
-0.988,-1.0896125
0.848,0.9839278
-0.568,0.35426742
-0.254,0.6727714
-0.654,-0.79826075
-0.77,-0.22429612
0.547,0.67446285
0.432,0.826871
0.102,0.55154914
-0.526,-0.09431451
-0.876,-0.21004376
0.277,1.3864758
0.335,0.86176115
0.702,0.79092664
0.757,0.6399955
0.768,0.043265298
1.017,0.79104704
-0.994,-0.2659207
-1.042,-0.7080577
-0.285,-0.43335855
1.145,0.667437
0.936,0.5382151
-0.045,-0.896759
-0.858,0.21268374
-0.522,-0.29017365
-0.559,-0.25323206
1.799,1.6280332
-0.317,-0.19054465
-1.018,-1.3901463
1.691,1.7145321
-0.727,-1.0409417
0.563,0.74095094
-0.356,-0.13407817
-0.864,-0.6926344
0.155,-0.04910732
-1.897,-0.49142703
-0.63,-0.35147706
1.315,0.3326636
1.543,1.7091348
-0.911,-0.9421614
0.954,0.359967
-1.12,-0.17009747
0.616,0.12148276
-1.284,-0.60900563
-1.207,-1.1374774
0.723,1.2515144
0.902,0.78509146
-1.014,0.12151566
0.275,0.12055695
-0.587,0.06862526
-0.557,-0.25283602
-0.498,-0.00372741
-0.934,-1.8544893
1.334,1.0029969
-1.33,-0.25012216
1.2,-0.141805
0.641,0.08260321
0.011,-0.47075135
0.9,0.044707514
-0.721,-0.4563263
-1.562,-0.4010295
-1.184,-0.8761741
1.725,0.8011901
-1.2,-0.06528658
1.326,0.53019005
0.04,-0.026164826
0.536,-1.1469278
-0.607,0.23596892
-0.501,-0.6301756
-0.532,0.3716275
1.379,0.46513706
-0.514,-0.8179498
0.834,1.1622255
-1.275,-1.0994885
-0.98,0.0036126152
1.533,0.31048784
0.6,0.13685495
-1.487,-0.732281
-0.448,0.43113473
-1.15,-0.84022456
-0.053,0.4364187
0.04,-0.6606485
1.164,1.0256484
-1.037,-0.23275141
0.847,0.39327303
0.158,0.08465542
1.078,1.048491
1.189,1.4880016
0.008,-0.2849715
-0.901,-0.5500867
-1.072,-0.3540781
-0.337,-0.5575325
0.209,0.6877877
1.076,0.49480635
0.753,0.25452814
1.448,-0.6661263
0.702,1.2427351
-0.981,-0.26861095
-0.741,-0.70626086
-1.22,-1.0068934
1.184,0.12670888
0.649,0.90975976
-0.745,-0.8889433
-0.492,-0.5858431
-1.077,-0.68329185
-1.349,-1.0389309
0.611,-0.12497473
-1.157,-0.20672047
-1.11,-0.62305516
0.246,0.037976086
-0.112,0.02395752
0.809,0.5552446
-0.148,-0.15872502
0.134,-0.03082738
1.681,1.8418291
-0.195,0.27595368
-0.788,-0.5515979
-0.626,-0.3783559
0.857,0.37441796
-1.161,-0.7475959
-0.112,-0.2895802
-0.381,-0.38286263
-0.602,-0.8008753
-0.268,-0.097550824
-1.259,-1.2153494
0.697,1.0092263
-0.83,-0.52638346
-1.038,-0.6674451
1.347,0.77322143
-0.975,-0.5019843
1.302,0.3738273
0.963,0.5076488
-0.77,-0.2928707
-0.309,0.05011709
1.603,0.8886581
0.955,0.109095395
0.655,-0.15491796
0.241,-0.0014699697
0.282,0.7852323
-0.217,0.30417293
-1.52,-0.8046228
-0.008,-0.5069957
-1.287,-1.2128437
-0.587,-1.2534542
-0.327,-0.42656574
1.61,1.8147473
0.084,-0.06551176
-0.916,-0.44818765
2.058,1.2795248
0.856,0.046423793
1.259,1.2394743
2.221,1.294239
-1.221,-0.33664674
0.652,0.8397177
1.54,1.5727501
0.865,1.0429053
-1.252,-0.8108875
0.233,0.36003506
0.695,0.69104385
0.33,-0.22839373
-1.113,-0.33660752
0.79,-0.36051893
1.327,1.0925987
-0.938,-0.92777604
0.608,1.3857028
1.394,1.0224252
1.272,1.0175359
-1.034,-0.9910856
-0.309,-0.4740277
0.266,0.52776617
0.434,0.02484743
-1.035,-0.66318184
0.844,0.64633304
-0.431,-0.7460086
1.587,0.70966095
1.316,0.52916217
1.095,0.47015202
0.338,0.021535639
0.65,0.8960787
0.477,0.321067
-0.264,-1.2492225
0.27,-0.17506048
-0.804,-0.7590398
1.86,1.5214479
0.11,0.51340586
-0.808,-0.61815274
0.838,0.90762234
1.116,0.7439846
-1.162,-0.88575464
1.306,0.90461296
-0.321,-0.27989566
-0.411,-0.045355406
-0.951,0.34205106
-0.691,-0.28171673
1.247,1.3269091
-0.154,0.09638396
-0.573,-0.33600754
-0.735,0.14926682
-0.82,0.22312996
-0.737,-0.5446071
-0.339,-0.0030167215
-0.409,-0.2918038
1.509,1.768877
-0.938,-1.3681409
0.198,0.4212517
-0.496,-0.008580744
0.436,-0.27344522
-0.687,-0.3746536
-0.442,0.16522202
0.173,0.7738951
-0.747,-0.24035889
0.746,0.56461704
0.14,0.2881103
1.148,-0.121338
-0.552,-0.9597904
-1.081,-0.2928202
-0.224,0.14443249
0.688,1.3869693
1.304,0.30122787
-0.644,-0.3471231
-1.005,-0.53918546
-1.364,-1.1870649
-0.053,-0.6360286
0.468,0.79319274
0.873,0.30715823
-1.015,-0.88862586
1.465,1.088999
-0.132,-0.24528421
-0.054,-0.6969655
-1.278,-0.9946522
0.407,-0.6825866
-1.191,-0.4956603
-0.463,0.20414503
0.361,0.04240866
1.513,0.9425977
0.89,1.2981124
-0.217,0.65818256
-0.395,-0.30321512
0.675,0.07456477
-0.983,-1.0511904
-1.379,-0.4080125
-0.395,0.09572592
0.761,0.4379501
0.917,0.59634155
0.982,0.4092168
1.205,0.4044451
-0.606,-0.65480524
-0.516,-0.42052856
0.936,0.7835125
1.263,0.8116063
-0.599,-0.8852721
0.893,0.5859849
1.063,0.6689556
-0.327,-0.31409138
1.184,0.6626745
0.972,0.54462105
-0.685,0.20251878
0.739,0.58978933
1.286,0.73215044
-1.41,-0.11568516
-1.066,-0.39709383
-0.565,-0.37178698
1.272,1.4711533
-1.022,-0.74511284
0.426,1.2132003
-1.038,-0.62704927
-0.352,-0.22736962
0.461,0.5226637
-0.777,-0.018591024
-0.579,0.32882935
-1.054,-0.23121434
0.965,0.44730204
-1.325,-0.90710694
-0.271,-0.0034981258
0.742,0.26742184
1.099,0.5194078
-1.208,-0.7192133
-0.874,-0.18111186
-0.848,-0.30264553
-0.121,0.20587458
1.024,0.26464862
0.194,0.55741715
2.101,1.7484827
1.532,0.86986405
-0.211,0.5600923
0.99,0.5944819
0.03,0.5108568
1.586,1.2883782
1.181,0.66111445
1.513,1.7018645
1.643,1.2999182
1.016,1.0296667
1.38,0.8739602
1.049,0.41449335
-0.342,-0.31594652
-0.725,-0.7903511
-0.393,-0.71134704
-0.543,-0.69771236
-0.596,-0.058482874
1.293,1.2756038
0.203,0.012793202
-0.876,-0.003940601
-1.009,-1.1374841
-1.532,-0.8401578
1.651,1.2811005
0.934,0.54913527
-1.28,-0.5885524
0.456,0.07887796
0.599,0.11187394
0.895,-0.30258325
1.785,1.6904287
1.576,1.4264479
0.758,1.1319563
-1.208,-1.041465
-0.701,-0.028640622
-1.061,-0.750626
-0.754,-0.5370493
0.976,0.9100005
1.098,0.9687992
0.964,0.4252107
0.631,0.5877532
-0.846,-0.25863326
-0.251,-0.053518057
-0.053,0.24444962
-0.431,0.42575452
-0.937,-0.4062999
-1.052,-0.14317739
0.671,0.59089786
0.992,0.4548419
0.973,0.8312405
-0.543,-0.70223993
-0.046,-0.06470988
1.134,1.1201925
-0.57,-0.122453794
1.12,1.1950319
0.548,0.1336749
1.326,1.9547491
-0.821,-0.9786126
1.435,1.1777887
-1.887,-0.6605564
0.064,0.021076426
-0.742,-0.2777609
0.185,0.64957803
-1.418,-0.41323575
1.27,1.43838
0.755,0.035372585
0.417,0.895557
-1.239,-0.6538361
-0.983,-0.32404602
-0.076,0.23219603
0.707,0.8881627
-1.139,-1.1641884
-0.579,-0.29141656
0.693,0.67817706
-1.013,-0.6372382
0.508,-0.06753684
-0.058,0.3229894
-1.069,-0.61420023
0.468,0.72880834
1.168,0.6949436
-0.844,-0.023517566
0.116,-0.30184776
-0.176,0.12413618
-1.304,-0.6922248
-0.308,0.67082053
1.31,0.52142924
0.355,-0.21467096
0.995,1.3030498
0.656,1.2748518
0.39,0.74367595
-0.426,0.15729666
1.015,0.779967
-0.049,-0.4156236
-0.862,-1.0880916
-0.476,0.060996912
0.557,0.05076433
-0.149,-0.21430305
-0.884,-0.6990679
0.443,0.23095363
0.215,-0.27318197
-0.334,-0.28740737
-1.271,-0.50679064
-1.034,-0.6385351
-1.024,-0.23102398
-1.029,-0.9703296
-0.039,-0.44188046
-0.656,-0.3255181
-0.419,-0.72405624
-1.03,-0.7470494
0.966,0.9625974
2.122,1.071403
0.025,-0.15578502
-0.754,-1.129631
1.027,0.9918868
-0.56,-0.5380198
1.222,1.1454701
-0.919,-0.3588618
0.084,0.12375745
1.196,1.1873579
1.143,1.6695082
0.938,0.74349743
-1.358,-1.0020866
-0.274,0.9882876
1.087,0.7911063
-1.053,-1.0288525
0.715,0.76682633
-0.09,0.8268055
0.548,-0.36150262
0.557,0.45501333
1.556,1.9057958
0.954,1.8297849
0.329,0.63909954
-0.862,-0.66726106
1.595,-0.07430839
-0.899,-0.70217806
0.659,-0.06751704
1.998,1.4346735
0.349,-0.23596369
0.238,1.1274152
-0.637,-0.6675405
0.675,-0.1709063
0.146,-0.58273315
1.181,0.7567907
1.054,0.10764295
-1.226,-0.81976205
0.354,0.017782774
-0.904,-0.90039843
-0.617,-1.1576972
0.975,1.3641129
1.277,1.4066823
1.614,0.68258953
-1.436,-1.1525764
0.087,0.27656695
0.236,0.4846176
1.433,1.5168455
-0.191,-0.13003224
1.871,1.2310603
0.844,0.75208884
0.966,0.15033175
-1.899,-0.79106313
0.502,0.13313356
0.038,-0.15442348
-0.939,-0.16142793
1.622,0.9014788
-0.789,-0.758878
-0.565,0.24718359
-1.528,-0.83366936
-2.222,-0.8933752
-0.881,-0.48372278
-1.208,-0.3201312
0.759,0.11285877
-0.208,0.019804426
0.778,0.9924297
-0.418,-0.102397814
-0.165,0.026844539
-1.21,-0.9114996
-0.801,-0.70378923
-1.388,-0.7126959
-0.867,-0.7475466
0.027,0.5153917
-0.57,-0.40615293
-0.634,-0.7186031
1.464,0.06691209
-1.089,-0.3108005
0.145,-0.05040425
-0.451,-1.2519639
2.142,0.8288098
-0.655,-0.29718614
0.994,1.2155488
-0.908,-0.54312384
-1.025,-0.33465028
1.725,1.4773629
-0.775,-0.407386
1.576,1.2619917
0.971,0.8791745
0.254,0.6617076
0.384,0.069357365
1.155,1.162554
0.125,0.7865823
1.221,0.65002054
-1.238,-0.6003395
-0.621,-0.38503295
-0.788,-0.053810727
-0.488,0.23761055
0.052,-0.2130922
-0.573,-0.20001513
0.62,0.38848144
-0.185,-0.6066563
-0.915,-0.5587439
-0.893,-0.9371525
1.058,1.7077129
0.092,-0.13648564
0.217,-0.16879556
2.217,-0.4768348
-0.684,-0.1298924
-0.601,0.046531677
0.855,0.70659465
-0.925,-0.5671317
-1.267,0.48930544
-1.025,-0.15709138
0.214,0.43669283
-0.639,-0.3760509
1.49,0.74422735
0.482,0.8739332
-0.42,-0.6312235
-1.181,-0.35086387
-1.042,-0.16740453
-1.576,-0.45265758
0.404,1.2848785
-1.101,-0.89993507
-1.313,-0.95923036
0.115,1.1371601
-1.134,-0.70547384
-1.251,0.1871722
-0.551,-0.058536988
0.42,-0.31338528
-1.59,-1.0469742
-0.329,0.42139864
1.111,1.2792034
-0.134,-0.3332544
-0.498,-0.6545121
1.227,1.2373424
-0.056,-0.1904482
0.12,0.025487803
-0.16,-0.92005175
-0.349,-0.34057802
-1.024,-0.27733105
1.046,0.5381253
-0.177,0.046776265
0.647,0.4039698
-0.816,-0.35596442
-0.288,-0.067293584
-0.565,-0.7332419
0.314,0.6284221
-1.013,-0.7822414
-1.227,-0.94690794
-0.829,-0.75896454
0.863,0.14719108
-0.789,-0.67428136
-0.992,-1.0228345
0.271,0.18368176
-0.702,-0.4357059
1.377,0.9501714
0.68,0.24447465
1.22,-0.85279864
0.392,-0.01180034
-0.393,-0.40749636
-0.608,0.7382958
0.995,1.6590581
0.737,0.63336873
1.277,1.1380231
1.222,1.4163218
-0.784,-0.020437624
-0.879,-0.6184568
-0.778,-0.62344855
1.626,0.6262512
1.165,0.55648357
0.633,1.5157378
-1.338,-0.69125205
1.223,-0.05906187
-1.173,-0.7179961
0.679,1.2617564
-1.352,-1.409884
2.02,0.93671364
-0.104,0.82515615
1.575,0.540111
-0.687,0.379245
0.961,0.56834584
1.078,1.0047622
0.729,0.028583214
-0.891,0.30168313
-0.038,-0.10822011
-1.047,-1.047442
0.603,0.2835008
-0.215,0.58768374
0.886,0.13970603
-0.107,0.11172871
-0.139,-1.1069989
-1.006,-0.4934813
-0.342,-0.9820288
-0.428,0.120926514
-0.804,-0.75510293
-0.957,-0.9147911
0.485,0.4812842
1.792,1.5354688
1.352,1.025023
2.2,0.26568374
-0.677,0.047108248
0.586,0.8154622
1.36,1.7693403
1.186,-0.75233376
-1.258,-0.70489293
-0.066,0.028831005
1.528,1.4083407
-1.438,-1.3547587
-0.439,-1.1279261
2.616,0.42506212
1.065,0.6698386
1.185,1.5394132
-0.721,-0.5047262
0.58,-0.028469767
2.064,1.8547006
1.527,0.08559749
-0.208,0.20009542
0.579,0.59093004
-0.299,-0.4152975
-1.188,-0.8362741
-1.201,-0.6835498
1.095,1.5223391
1.015,1.1307151
1.217,0.40353084
1.461,1.5457089
0.15,-0.079868004
-0.046,0.084383495
0.897,1.1732681
0.562,0.012914177
0.316,0.43135276
-0.785,-0.58344996
1.1,1.3187356
-0.185,-0.8159885
-0.099,-0.002789937
1.66,1.7474654
0.012,0.18996787
1.22,0.4169294
0.514,-0.49447888
-0.959,-0.5562585
-1.971,-1.3090312
0.877,1.2074254
-1.115,-1.2819862
0.609,1.0472512
0.597,0.7828993
0.132,0.090184584
1.064,-0.20022279
1.035,-0.18702392
-0.594,-0.52476954
0.615,1.4979315
-1.114,-0.83203775
1.438,1.8517678
1.09,-0.15032628
0.811,0.56142235
-0.741,-0.7971645
-0.05,0.091571584
0.662,-0.057429854
1.108,1.1397471
0.466,0.15295646
0.248,-0.49862084
-0.096,-0.11601232
-0.437,-0.49760923
-1.324,-0.38163364
-1.115,-0.49845332
0.577,0.35781193
-1.429,-0.43321997
0.931,0.73273915
1.909,0.8910924
-0.813,-0.33614594
-0.923,-1.2514708
2.076,1.6996126
0.759,0.44805086
1.171,0.49276435
1.082,1.3007786
-0.206,-0.3431353
0.974,1.4831817
0.65,-0.23170906
-0.811,-0.04578294
0.635,0.5085298
-1.491,-1.0001311
0.755,0.015354816
-1.339,-1.189053
-0.906,-0.7558718
1.121,1.2179093
1.575,1.1147475
-0.365,-0.74332523
-0.838,-0.6602878
1.084,0.9650623
0.476,1.1909916
-0.856,-0.68660617
-0.909,-0.41265887
-1.168,-0.672921
0.973,1.2571855
-0.997,-0.11417629
-1.236,-0.063693464
0.062,-0.6302592
1.24,0.6113946
0.156,0.58469677
-0.076,0.20548049
1.441,1.4856877
1.645,0.8407069
1.335,0.5480502
0.348,-0.05043841
-1.094,-0.6508058
-0.891,-0.77944297
-0.253,-0.54252225
1.293,0.16228971
1.73,1.4741535
1.266,1.5088301
-0.316,-0.15620722
1.284,0.5208949
-0.834,-1.0624237
1.533,0.37265116
-1.088,-0.5571203
1.35,0.37996578
0.135,-0.07408272
-0.547,-0.54491824
-0.926,0.5885232
-1.084,-1.1767135
-0.939,-0.9699583
0.08,-0.35351467
-0.291,-0.3867861
1.641,0.05582027
0.787,0.5582449
1.227,1.4236937
1.646,1.347914
0.71,0.13850322
-0.654,-1.0358837
-0.2,0.63102585
1.667,1.6334317
-1.36,-0.5289431
-1.512,-1.0313754
1.47,0.904205
-0.471,-0.13542707
-1.011,-0.066616386
-0.402,0.49248272
1.605,1.0905867
0.077,0.039844736
1.222,0.3832915
0.217,0.6891435
-1.006,-0.6280593
0.101,-0.082060225
0.659,0.12831223
0.685,-0.25180227
0.778,0.30604902
-0.942,-0.5358439
-0.927,-0.83481556
-1.155,-1.1628714
0.637,0.031601332
1.882,1.603245
-1.291,-0.6860319
0.782,0.43664628
1.535,1.4516759
-0.757,-0.27511156
0.533,1.2608585
1.585,0.82174534
1.099,0.6094974
0.397,0.493706
-0.254,-0.32287595
-1.168,-0.48835817
-0.253,0.51570743
1.293,0.7494231
1.704,1.3612838
-0.425,-0.4004796
0.387,-0.0067909993
-0.981,-0.010956821
-0.73,-0.9559954
0.753,0.8054932
-0.805,-1.0352511
-0.452,-0.5572323
1.21,0.9134454
0.412,0.71177834
1.0,1.8602936
-0.105,0.7124492
0.326,0.516784
-0.193,-0.44592506
1.63,0.6997822
-0.661,-0.8740216
0.713,1.0327103
1.476,1.2656112
0.947,0.7271053
1.757,2.0520573
1.26,-0.09956056
-0.311,0.35189635
1.004,0.22705334
-0.579,-0.22386011
-0.264,-0.11063652
0.153,-0.34822932
0.978,0.07167742
0.642,-0.5821914
-0.625,-1.078484
2.136,0.32854456
-0.528,-0.46812046
-0.808,0.40570146
0.243,0.3528647
-0.015,-0.021859892
-0.274,-0.5456695
0.121,0.49263006
0.545,0.15845087
0.629,0.6462167
-0.654,-0.4209727
-0.855,-0.14729248
0.793,0.8508464
0.763,1.4380682
0.172,0.13515955
-0.538,-0.21148682
1.229,1.3933845
1.454,1.6240358
-0.514,-1.1444945
-1.326,-0.54494923
-0.427,0.2504548
-0.085,0.19281986
-1.506,-0.7490947
-0.169,-0.22949682
-0.225,0.8128323
0.591,0.47563457
-0.672,-0.9957045
-1.314,-1.3201282
0.823,0.93263304
0.548,-0.22475196
-0.473,-0.21871717
0.733,0.3222309
1.235,0.395406
-0.45,-0.43632522
-0.426,-0.44476968
0.935,-0.0681478
-0.586,-0.22787541
0.749,-0.4757861
1.224,1.1889775
1.549,1.1249678
-0.331,-0.43423343
-0.672,-0.8139451
-1.001,-0.45634627
-0.724,-0.339024
-0.801,-0.59006506
1.221,0.87641186
1.038,1.3175793
-0.447,-0.72614604
0.467,0.11210248
-1.083,-0.5118586
0.192,-0.22132158
0.413,-0.15692331
-0.45,0.22476977
-0.764,-0.6352599
-0.613,-0.93264294
1.786,0.2269032
0.752,0.7884645
1.045,1.4358392
-1.368,-1.1899519
0.777,0.68089014
0.447,-0.17567638
-0.787,-0.66006494
-0.01,-0.8094421
0.144,0.09207618
0.833,0.6293056
0.69,0.33114988
1.819,1.3836701
0.759,0.95865035
-0.771,-0.11436723
1.052,0.47455078
1.545,0.39221492
-0.049,0.48114514
1.41,2.0906065
1.608,1.7484169
-0.8,-0.6532491
-0.226,0.46452934
-0.67,-0.7280683
-0.563,0.2965497
-0.603,-0.35719627
1.299,0.41891223
1.294,1.8000648
0.224,0.76341987
-0.745,-0.33347505
1.107,1.4318919
-0.763,-0.43003273
-0.23,-0.7402744
0.676,1.2237873
-0.557,-0.12921926
-1.197,-0.8722446
0.985,0.5362449
0.375,1.0204644
-0.079,0.34648058
0.895,0.7558326
-1.121,-1.0060716
-0.325,-0.82059354
-0.022,-0.1553768
-1.326,-0.9562409
-0.383,-0.96095574
-1.158,-0.7365834
1.071,-0.017320227
-1.144,-0.928184
-0.867,0.3394863
-0.168,-0.8254157
-0.514,0.860303
-0.664,-0.12902045
0.331,0.55637866
-0.483,-0.4067545
-0.707,-0.089864194
-0.221,0.21546039
0.291,0.24341112
-0.813,-0.70680314
0.178,0.12048021
-1.005,-0.16637754
-0.597,-0.057314754
-0.97,-0.3386186
0.93,1.7444563
-1.405,-0.802723
0.427,0.55380064
-1.12,-0.6753945
1.138,0.523496
-0.532,0.18555611
1.228,1.1340809
1.536,1.4676793
1.042,0.97425425
-0.593,-0.8710133
0.697,-0.6088274
0.136,0.49066287
-0.228,0.079500444
-0.254,-0.669333
-0.969,-0.6673513
1.13,1.1588943
-0.067,0.93382186
0.02,0.53676754
-0.966,-0.6057355
-0.765,-0.8185765
0.811,0.91634274
-1.101,-1.04087
-0.498,-0.574572
-0.502,0.3015976
0.176,-0.09336063
1.169,1.3496354
0.527,-0.13667178
-0.336,0.31475085
0.924,-0.040896747
-0.913,-0.5836726
0.647,0.5355288
1.65,0.18796681
-0.064,-0.8960558
1.132,0.5041259
-0.831,-0.20918441
0.822,0.36793625
0.613,0.45191717
-0.366,-0.8069858
0.34,0.26224986
-0.905,-0.93654925
-0.795,-0.4939279
-0.916,-0.29086515
-0.43,-0.76113445
-1.174,-1.145181
-1.341,-0.6914015
-0.502,0.24398094
-1.287,-0.17085746
1.183,1.0183861
0.807,1.191118
-0.639,-0.26159924
-0.651,0.1468026
-1.28,0.3633042
0.234,0.1522558
-1.174,-0.6272778
1.185,0.64853424
0.479,0.95215863
0.775,0.388978
-0.699,-0.2933246
0.887,0.6288975
1.048,0.02142141
1.348,1.067843
-0.773,-1.1935694
1.432,1.7817378
0.962,0.56576127
0.057,0.47168857
-1.114,-0.7070382
-1.164,-0.31334767
0.358,-0.07690426
-0.495,0.4018771
0.869,0.5129961
-1.275,-0.83890015
0.175,-0.20783222
-1.296,-1.0199935
-0.758,-0.51801544
0.931,0.6164783
-0.836,-0.9136141
-0.876,-1.1775496
0.884,0.9560734
0.168,0.49009508
1.715,1.6521261
0.38,-0.3487175
-0.536,0.07593469
-1.336,-0.77619565
0.534,0.40013644
1.775,0.38357782
-0.045,0.12088424
-0.835,-0.95754033
-0.848,-0.9364845
-0.857,-1.121758
0.685,0.4483297
-1.115,-0.55749804
0.209,0.44898397
0.749,-0.7136271
0.902,1.2550893
-0.66,-0.05849859
1.318,0.91540796
0.938,0.34734422
-0.813,-0.13941854
0.947,1.1957488
-1.195,-0.79084814
1.119,0.89851314
-1.106,-0.616992
-1.051,-0.31410027
0.033,-0.615953
0.252,0.3144857
-0.817,-0.66462815
1.716,1.3595378
0.107,0.5611163
0.545,-0.40738362
-0.201,-0.17365548
-0.245,0.007988192
1.444,1.0850303
-0.037,-0.11028239
0.331,0.16853888
1.519,1.6955769
-1.303,-0.48361352
-1.268,-0.81560063
0.982,0.37568402
0.41,-0.36799264
-0.686,-0.78136384
0.804,0.3317091
-1.394,-0.5424918
0.405,0.31070262
-0.971,-0.9198955
0.853,0.6212575
-0.585,-0.15034531
-0.59,-0.3490669
-0.104,0.044986986
-0.555,-0.22931883
1.069,1.0530703
0.555,0.35477835
0.785,0.9549882
0.332,0.54190665
1.109,1.4886265
0.95,0.4938892
-1.752,-0.39535075
0.742,0.35794714
0.113,-0.18298157
-0.987,-0.32268894
-0.812,-0.69402325
0.174,-0.30174252
-0.67,-0.8196437
-0.676,-1.0744281
-1.089,-0.8872014
0.356,0.1065861
-1.028,-0.7471739
-0.043,-0.1542275
1.137,0.9181289
1.222,1.6186018
0.447,1.2745421
-0.511,-0.7285313
-0.685,-0.37549067
0.113,-0.297237
-1.683,-0.6826001
1.041,1.7907534
-0.929,-0.49782205
1.502,1.1705782
0.791,-0.49029496
0.681,-0.0774136
1.558,1.9093304
0.743,0.47071505
0.74,0.19673663
-0.914,-0.5087288
0.166,-0.33710378
1.389,1.0064218
0.711,0.77700275
0.218,0.3175341
-1.631,-0.7363931
-0.811,-0.51176286
0.125,-0.04637953
-0.937,-0.9985763
-1.776,-0.82471085
0.906,-0.30847174
-1.046,-0.6990233
-0.299,-0.7682435
-0.115,0.35752064
1.394,1.3836493
-0.013,-0.47109026
0.751,1.5638852
0.811,0.9279243
-1.077,0.307451
0.092,-0.13530031
0.037,-0.019939814
1.228,0.2838467
-1.752,-1.0623515
-0.117,0.5294046
-0.926,-0.82502836
0.958,1.3153689
-1.596,-0.59677404
0.754,1.5014944
0.005,-0.2566666
0.947,0.6789724
-0.613,-0.14025706
-0.807,-0.17244998
-0.186,0.42480457
-0.648,0.37247074
-1.635,-0.5352053
-0.14,-0.6744817
-1.536,-0.7472028
1.343,1.0625224
-0.911,-0.34867588
0.865,1.1088727
1.207,1.0586531
-1.087,-0.7727197
-0.733,-0.17914735
-0.967,-0.6676962
0.504,0.06781877
1.051,1.7499871
0.341,0.6620404
0.66,0.27276272
-0.999,-0.49589914
-0.637,-0.9108259
0.971,0.52779925
-0.478,-0.8043163
0.701,0.8996678
-0.997,0.07616162
-0.507,-0.33850586
-0.169,0.25070795
-1.141,-0.6256303
-0.261,-0.14486548
-0.513,-0.6882724
-0.456,-0.8366271
0.876,0.32119632
-0.435,-0.5608334
1.068,0.12592885
-0.353,-0.6689665
0.074,0.71027404
-0.897,-0.6770187
-0.692,0.11487028
0.839,0.52259445
-0.371,-1.0742884
1.209,0.6289571
1.032,0.8253868
-0.139,-0.037028447
1.075,0.71511585
1.698,1.1924045
-1.241,-0.24799713
2.03,1.3184919
-0.308,-0.056515362
-1.192,-0.50393224
-0.652,-0.35760093
-0.582,-0.1420202
-1.2,-0.32921803
0.495,0.4244641
0.592,0.6331395
0.94,0.5090749
-1.016,-0.2771895
0.592,0.44640738
-0.088,-0.21804704
1.076,0.92468464
0.719,0.66673064
-0.032,-0.024663206
-0.021,0.14913614
1.438,1.2487931
0.422,0.50000376
-1.181,-0.2549319
-0.787,-0.20115532
0.613,0.24576616
1.048,0.88749367
-0.482,-0.4455337
-0.748,-0.3276652
-1.45,-0.75038785
-0.187,0.4007695
0.895,1.7064202
-0.33,-0.036938064
0.247,0.5188575
-1.009,-0.5692762
1.673,1.4594393
0.704,0.62425363
0.972,1.0061507
1.282,1.4546673
-0.775,-0.17388429
-0.598,-0.70791477
1.535,0.5556008
-0.251,-0.2658955
-0.291,-0.31172463
-0.819,-0.4547152
0.499,-0.036160193
-1.048,-1.122474
-0.829,-0.98976177
0.03,0.14236152
-0.05,-0.24480143
-0.82,-0.7879551
-0.729,-0.8503674
-1.249,-1.138202
-0.057,0.30296212
-0.886,-0.81688255
0.665,-0.74933255
1.421,0.86978096
-1.005,-0.80777997
1.23,1.734627
0.728,0.11506076
-1.378,-0.28434232
1.029,1.2904735
1.097,1.4546967
1.262,0.26298153
0.587,0.581175
-0.776,-0.39430434
-1.355,-0.62732255
0.558,0.8129106
-0.328,0.43409774
-0.974,-1.2520425
-0.372,-0.088089794
1.502,1.2647667
1.45,0.49061102
0.563,0.6867121
1.084,0.8629924
-0.647,-0.21949452
1.674,1.0358253
0.287,1.2108834
-0.508,0.40912738
0.477,0.46161336
-0.813,0.03813
-0.009,-0.3639731
-0.886,-0.28669858
-0.625,-0.17508636
0.441,-0.15285258
1.182,1.0373256
-1.45,-0.31781328
0.109,-0.16754352
1.177,1.1044507
-0.555,-0.3885156
-1.293,-0.7219233
-0.333,0.08891155
-1.166,0.49824464
1.012,1.7043126
1.34,1.4453514
-1.096,0.32299381
-0.77,0.07679127
-0.717,0.110753015
0.041,0.3420788
0.11,0.2068691
0.75,0.7965208
-0.782,-0.3978246
-0.481,0.48249418
1.243,0.5560206
0.911,0.88709754
0.826,0.7675505
-0.663,0.32420892
0.751,0.5211864
-0.891,-0.8487205
-0.724,-0.47560135
0.591,1.4718585
-0.644,0.34324175
0.347,-0.15616207
1.276,1.6071427
-1.069,-0.7157743
-0.185,0.51790303
-0.306,-0.39650506
-0.02,-0.5953781
0.706,-0.029584344
1.436,1.1995721
0.282,0.23058236
-1.429,-0.37631735
-0.093,-0.01600368
0.572,0.3589847
0.822,0.5092693
0.005,-0.41948262
-0.602,-0.2869057
-0.012,1.0745411
-0.616,0.7947717
-0.234,-0.45064133
0.848,0.7239631
0.771,1.3627219
0.525,-0.013432557
1.196,1.3310757
-0.533,0.13157946
-0.056,0.257946
0.139,-0.39894354
-0.935,-0.5873806
1.195,0.8690633
1.07,0.806181
0.701,-0.12413987
-0.293,-0.1950209
1.07,0.86010665
-1.489,-0.9520956
-0.899,-0.3861996
1.348,1.2440388
0.303,0.5570292
0.41,-0.33045262
-0.003,-0.24859667
1.798,1.1658478
-0.441,-0.24118097
1.769,0.9647389
-0.712,-0.911368
0.387,0.5296064
-0.535,-0.340859
0.952,0.079596356
0.963,1.48385
-0.303,0.12008971
-1.086,-0.8338608
-0.043,0.24170968
-1.157,-0.9451409
-1.022,-0.6542588
0.954,0.47725308
1.526,2.1377623
-0.3,0.5357665
0.969,-0.18788797
-1.254,-0.926996
0.049,0.5903534
-0.201,0.15547106
0.412,1.6058533
0.959,1.2007892
1.686,0.51222694
-0.188,-1.0521781
-0.422,-0.78803426
-0.593,-0.6814656
-0.169,-0.009732317
-1.051,-0.95310956
-0.612,-0.42500806
-0.804,-0.26577073
1.098,1.5924122
-0.338,-0.121069774
-0.089,0.5038365
-0.347,-0.01271192
-1.254,-0.82727736
0.68,1.5746679
-0.395,0.020280838
0.592,0.7206534
1.189,1.113462
-0.797,-0.60938185
-0.767,-0.049081452
2.035,0.6372286
-0.559,-0.41555136
-0.793,-1.0108428
0.628,0.73621494
-0.426,0.6534807
-0.263,-0.5816791
-0.046,-0.24535507
0.056,-0.47562283
0.582,0.78411764
-0.426,-0.0264048
0.296,0.38286948
0.267,0.24923086
-0.471,-0.44841194
1.387,2.0207515
1.204,1.383611
0.486,0.75871074
0.294,0.41574124
-1.048,-0.56087476
0.967,1.3902771
-0.561,-1.1038723
1.724,1.129493
-1.153,-0.90919596
-0.244,-0.0058244653
-0.568,-0.60213476
-0.895,-0.9193627
1.586,0.71129656
-0.409,0.34044242
-0.161,0.10815425
0.167,1.1304069
-0.627,-0.44394857
0.773,0.44055176
-0.484,-0.22312501
-0.852,-1.5644808
-1.239,-0.59374166
-0.724,0.096314415
0.352,0.23056817
0.002,1.3332474
1.072,0.21324721
1.107,0.89335424
-0.425,-0.48806486
0.586,1.0880914
-1.381,-0.46235418
1.169,0.7253199
1.593,0.92924505
1.428,1.1280882
-0.5,-0.10840758
0.251,-0.4642722
-0.856,-0.3696422
-0.937,0.12855591
-1.691,-1.4753165
0.386,0.86076665
-0.744,0.4447357
1.157,0.4080621
0.751,1.0245166
1.503,0.81172603
-0.127,-0.18529388
0.776,1.1596766
-1.056,-0.8130681
-0.916,-0.13698286
1.111,-0.28330308
0.324,-0.02439351
-0.224,0.16520649
-0.488,-0.48008078
0.657,0.066995025
-1.726,-0.7534414
-0.142,0.3459137
-0.65,-0.34976226
-0.296,0.0031832773
-0.081,0.050718524
-0.895,-0.44425952
-1.239,0.03438192
0.705,0.29647583
0.399,0.041791357
-0.587,-0.8037024
-0.974,-0.91184634
0.782,0.29951876
1.326,0.35635132
-0.906,-0.44059438
-0.186,-0.42933613
-0.673,0.58810526
1.286,0.44190824
1.125,0.7384602
0.856,1.2063055
0.268,0.18638146
-0.557,-0.48254594
0.212,0.92735463
0.847,0.7904489
-0.877,-1.327491
-0.453,0.46953148
1.075,1.2567334
1.785,-0.032861505
0.206,-0.038847335
1.267,0.81176436
-0.052,-0.47222358
0.327,-0.38267112
0.354,0.9970922
-1.103,-0.5079292
-0.835,-0.74733543
0.093,0.9076422
1.117,0.91273516
-1.303,-0.44899115
1.39,1.2166717
0.021,-0.14576577
0.644,0.3666611
-1.283,-0.5683121
-0.777,-0.6247534
-0.552,0.5475986
0.278,0.60025
-0.618,-0.055129576
-0.873,-0.58164793
1.016,0.8284228
0.29,0.51769453
-0.776,-0.5526244
0.359,1.1200335
-1.17,-0.097463846
0.51,0.117705315
-0.474,-0.7000267
1.455,1.6989017
-0.742,-0.7092437
-1.278,-0.7669459
-0.39,-0.10860673
1.16,0.640832
0.868,0.2525655
1.151,1.1032639
-0.902,-0.9465477
-0.783,-0.34835878
0.828,0.68071836
0.69,-0.29889637
-0.783,-0.7329004
-0.725,-0.48136646
1.533,1.569603
-0.876,0.06723369
0.513,-0.004451027
0.637,0.8505258
-0.94,-0.30087543
-0.83,-0.43515614
0.841,1.0104623
-0.499,-0.768814
1.214,0.4751709
1.275,1.2139215
-1.417,-1.050935
-0.819,-0.33913946
-0.679,0.721814
1.143,0.925692
1.468,0.64746535
-0.855,0.2640789
-0.035,0.24195999
0.598,0.6135435
-1.02,-0.48307836
-1.179,-1.447995
1.053,0.858792
-1.062,-1.1323786
-0.899,-0.30649745
-1.091,-0.7776594
0.349,0.5476716
-0.434,-0.42169464
1.012,0.2114707
-0.915,-0.5340522
-1.11,-0.652635
0.177,0.6142329
1.301,1.0184462
0.899,0.8430156
0.457,-0.24262318
-0.528,0.043133654
-0.734,-0.7019992
1.332,0.3524657
0.475,0.099139735
0.0,0.29007536
-1.153,-1.3014193
0.767,0.19617061
0.29,-0.1768734
-1.136,-0.53923666
-1.521,-0.9011151
0.328,0.5416535
0.381,-0.058586236
-0.308,-0.32763544
-0.098,-0.28393212
-1.314,-0.3434348
0.5,0.5050139
-1.014,0.035376698
2.033,1.3703187
0.794,1.4818594
0.767,1.0125167
-0.44,0.3213998
0.663,0.4091601
-0.246,0.16548091
1.575,1.8277245
-0.09,0.3046254
0.084,0.21494743
-0.519,0.17162654
0.44,0.31112275
0.492,1.3245785
-1.374,-0.8129418
-1.021,-0.5094168
0.79,0.85003585
-1.37,-0.78121597
-0.799,-0.5495202
1.162,0.7035236
-1.195,-0.32792786
-0.097,-0.105613776
-1.927,-0.8524913
-1.844,-0.6557006
-0.15,0.20000121
-1.123,-1.0327663
-0.461,-0.3849018
0.479,0.39560774
0.117,1.3296242
-1.131,-0.60495746
-1.376,-0.82561165
-0.848,-0.40869915
0.375,0.47269666
-1.017,-0.85874027
-0.715,-0.1476731
0.876,0.6548683
-1.944,-0.5673002
0.906,0.8398519
-0.559,-0.6546292
0.307,0.107510775
0.515,0.81938416
-0.238,-0.513801
1.678,0.7900695
0.314,0.119121954
1.215,1.0741074
0.56,0.7614867
0.666,0.4654649
-1.457,-0.79873747
0.254,0.8842289
-1.115,-1.1140559
-0.514,-0.1274807
-0.083,-0.16492236
-0.269,-0.5789379
0.483,0.30932653
0.443,0.8792762
0.171,-0.114001885
-0.853,-0.21571809
-0.516,0.08170185
-0.414,0.22505108
-0.365,-0.46207768
-0.228,-0.036007866
-1.431,-0.5010842
-0.095,0.08903198
-1.172,-0.7567092
-0.284,-0.097740814
1.212,-0.019703763
0.278,0.6386247
0.703,1.2837398
-0.718,-0.600655
1.691,1.440819
1.133,0.26972294
-0.671,-0.41768909
0.557,0.7059676
-0.474,-0.51362544
0.372,0.5221897
-1.061,-0.43317777
0.469,0.06247613
-1.149,-0.9658111
-1.019,-0.5992264
-0.017,0.0036857203
-0.431,-0.29935932
1.318,0.45819077
-1.304,-0.9088757
0.8,1.025491
1.627,1.5413575
-0.124,-0.1262409
1.105,0.8240263
0.174,-0.47540727
-0.403,-0.25499654
0.693,0.7895878
1.411,1.4215126
1.229,1.314498
0.485,0.37556306
-0.452,-0.48625952
-1.112,-0.9360593
0.178,0.028792415
-0.101,0.52950734
-1.624,-0.7331864
0.678,0.6481893
-1.234,-0.7454848
-0.605,-1.1407645
-0.123,-0.6099513
-0.985,-0.5161176
-1.147,-0.5277695
-0.993,-0.9889609
0.515,0.7512639
-1.216,-0.92105955
0.057,-0.3660878
1.093,0.6136922
-0.931,-0.69294953
-1.135,-0.9319383
1.408,1.5314393
-0.691,-0.12614536
0.3,0.22646132
0.759,1.0107274
-0.837,-0.7037392
-0.959,-0.33346182
-0.957,-0.6907791
1.332,1.192008
-1.151,-0.7111764
-0.403,-0.35462707
-0.386,-0.1782868
0.126,-0.84345645
0.995,1.3571908
-0.696,-0.38981044
1.041,0.8245067
1.263,1.3045142
0.496,1.1592541
-1.536,-1.0562034
-1.131,-0.6258717
0.835,0.65785545
0.582,-0.4966163
0.153,0.3399974
1.029,0.9468275
0.612,0.6179673
0.393,-0.19868733
-1.021,-0.680982
0.708,-0.14639997
-1.313,-0.53794736
-0.273,0.55031675
1.297,1.2930107
-0.48,-0.5098697
0.093,0.62623286
-0.892,-0.10294775
-0.666,0.291924
2.081,0.5800627
-0.443,-0.3396924
-1.233,-0.2876091
-0.739,-1.5942087
-1.011,-0.6541695
-1.01,-0.73722655
-0.405,-0.65459055
1.498,1.3600547
-0.133,0.6439207
-1.066,-0.76010674
-0.047,-0.37512207
-1.142,-0.76234484
0.679,1.4710755
1.114,1.258853
-0.266,-0.19383942
0.062,0.71212405
1.178,0.16940606
-0.791,-0.53449243
0.664,0.4768436
0.299,-0.5103328
-1.399,-0.94129074
0.157,0.34678572
-0.856,-0.607281
-0.874,-0.7403012
-0.713,-0.44803488
-0.53,-0.77629405
1.872,1.4674859
-0.537,-0.64395297
0.385,1.3778205
1.397,1.0972149
0.152,0.791266
1.688,1.3033171
-0.509,-0.034304246
0.719,0.71262664
-0.425,-0.26603964
1.174,0.9443986
-1.243,-1.1113253
-1.038,-0.30191725
-0.762,-0.6288154
0.778,1.0220807
-0.927,0.87265337
-0.114,0.6311228
-1.227,-1.0985112
-0.529,-0.78463125
-0.261,0.71566147
-0.691,-0.70934486
-0.809,-0.33779317
-0.792,-0.42160377
-0.652,-0.14832327
1.537,1.0412619
0.575,0.44499537
-1.111,-0.14006284
0.71,0.73785776
-0.64,-0.24653204
-0.354,-0.8669389
1.314,2.1277766
0.926,1.2426069
1.05,0.60490745
-1.288,-0.1397123
1.382,1.3784997
-0.215,-0.010232811
-0.304,-0.3650424
0.032,0.25115013
-1.352,-1.2168376
-1.266,-0.70015395
-0.701,-0.3240851
0.375,0.07862625
-0.357,-0.27794856
-1.467,-0.80326074
0.36,0.2506857
0.49,-0.23858902
-1.336,-0.8435182
-0.51,-0.56017745
-1.457,-0.86003345
-1.496,-1.0889475
-0.534,-0.24268278
-0.613,-0.39615634
0.016,-0.6812207
-1.09,-0.8547433
0.126,0.028992206
-0.82,-0.18854727
2.626,1.4829459
-0.604,-0.8931691
-0.288,-0.29943034
1.317,1.7050099
-1.192,-1.063467
0.996,0.15730631
0.538,0.14317682
0.942,0.7468873
-0.114,0.30663753
1.043,0.87240076
1.252,0.70172316
-1.127,-1.2814927
-1.0,0.7895959
-0.463,0.038938217
1.598,0.5549115
0.567,0.09173332
-1.003,-0.41023666
-0.247,0.056813285
1.54,0.64848536
-1.379,-0.9630485
-1.397,-0.7961915
1.442,1.11029
-0.581,-0.42391753
0.113,0.4931088
-0.963,-0.4022592
1.184,0.5277919
1.33,1.5182507
0.028,0.31742358
0.511,0.059664488
-0.922,-0.7637574
-0.982,-0.8025154
0.749,0.19219658
-0.449,-0.31508687
-1.039,-1.1235127
-1.439,0.02540809
-1.257,-0.19532849
0.96,0.189461
1.627,1.040865
-0.734,-0.75600916
0.174,0.45238242
0.752,0.2986915
1.561,2.057561
-1.083,-0.52146494
-1.304,-0.5536425
0.553,-0.18923846
-0.906,-0.670621
0.027,-0.18862917
1.458,-0.15440547
-1.301,-0.95366925
0.208,-0.5594806
-0.047,-0.5655217
0.903,0.8087063
1.369,0.6220723
0.588,-0.1665206
-1.462,-0.59746987
-0.584,-0.8549089
-0.824,-0.2121408
0.389,0.9872791
-0.842,-0.58473927
-1.337,-0.50690234
-0.629,-0.22642785
0.775,0.5842785
-0.313,0.21149646
1.041,1.8006461
1.593,1.5460627
-0.774,-0.24166022
-0.042,-0.046051703
-0.704,-0.8277275
1.229,1.1718252
-1.368,-0.61818117
1.17,1.2512281
0.466,0.9265172
-1.469,-0.35457408
-1.28,-0.8283455
-0.938,-0.09306893
-0.64,-0.22146267
1.099,1.3190737
-0.849,-1.0196085
0.221,-0.17669788
-0.838,-0.8640924
-1.006,-0.87867016
0.207,-0.50874615
-0.274,-0.34413853
-1.308,-0.4468984
0.665,-0.0063848495
-0.983,-0.9124433
-0.991,-0.21955353
0.364,-0.079421446
-0.397,0.096352786
-1.217,-0.6155404
-0.615,-0.65320605
-0.688,-0.4995305
1.056,0.580844
-0.743,-0.39047214
-1.174,-0.3559195
0.1,0.2984928
-0.375,-1.0300231
1.47,0.77293694
-0.165,-0.45902413
-0.437,-0.63610935
-0.988,-0.6780669
-0.858,-0.91494447
1.053,0.5512324
1.028,0.82840365
-0.916,-0.81327957
1.348,0.6741202
1.226,0.7512534
0.376,-0.56663936
1.455,-0.08018756
0.681,0.6332801
-0.815,-0.018970914
-1.117,-0.6573102
-1.007,-0.858145
1.257,1.2887716
-0.611,-0.4157985
-0.868,-0.5984524
-0.738,-0.3768619
1.093,1.0888608
-0.421,-0.06456338
1.456,1.0096445
-0.501,-0.16300105
0.561,-0.3270685
-0.568,-1.181972
0.342,0.38501865
0.657,-0.46566558
-1.04,-0.6429532
1.44,1.4751484
-0.274,-0.75560886
0.217,0.20889588
0.721,1.3041687
0.426,-0.057189766
-1.575,-0.90353745
-0.947,0.18461351
0.415,-0.30627578
-0.796,-0.34020033
0.631,0.98496205
1.346,0.7864036
0.457,0.3367014
-1.176,-1.2047749
-0.573,-0.12533973
0.6,-0.050427128
1.101,1.897208
0.395,0.13507259
1.413,0.727873
0.642,-0.27921957
-1.16,-0.9993547
0.244,-0.13804762
-1.415,-0.5073635
0.829,0.3130141
-0.792,-0.2948122
-0.097,0.29158974
0.675,0.56534606
-0.544,-0.13180062
0.482,0.947365
0.827,0.8561535
-0.504,-0.1493522
1.196,0.9221017
-0.39,-0.14511402
0.165,-0.45001867
0.59,0.5607609
1.032,1.2624364
-0.781,-0.021701891
-0.32,-0.43205968
-0.826,0.026110604
-0.119,0.2394886
1.412,0.91161263
-0.835,-0.5896483
-1.292,-0.44834802
-0.585,0.0863496
-0.094,-0.5888689
1.323,1.6948886
-0.195,-0.2612483
-1.839,-0.79461026
1.108,-0.044943787
0.988,0.81502837
1.365,0.5325678
0.514,0.26445484
0.683,1.3006973
-0.781,-0.7053789
-1.179,-0.28789148
-0.837,-0.093012325
0.97,0.8351037
0.452,0.37960196
0.019,0.55345315
-0.752,-0.8210407
0.636,0.69162506
-0.576,-0.945734
0.438,0.91082925
-0.436,-0.31005144
0.72,0.69568926
0.654,0.08934125
0.48,0.17096102
-0.037,0.02109348
0.56,0.6124616
-0.585,-0.61856234
-1.571,-0.42962044
1.704,2.0177083
